Time, UTC Time, Label, Latitude, Longitude, Altitude, Speed, HDOP, Satelites, Course, Fix, Accel UTC, Roll Degrees, Pitch Degrees, Dynamic Magnitude, Jerk, Jerk Std, Acceleration X, Acceleration Y, Acceleration Z, Standard Deviation, Energy, Zero Crossings
2026-04-25T16:40:03.656705,250426_102538.000000,1,58.379188537597656,8.6806001663208,31.399999618530273,6.789999961853027,0.8199999928474426,10,294.8299865722656,1,,,,,,,,,,,,
2026-04-25T16:40:06.701547,250426_102549.000000,1,58.37923812866211,8.680349349975586,32.29999923706055,5.119999885559082,0.8199999928474426,10,294.8299865722656,1,250426_144003.015625,0.11436373740434647,11.710461616516113,0.006475671194493771,0.19111719727516174,0.048836059868335724,-0.0025330332573503256,-0.0059597003273665905,5.59454201720655e-06,0.0015261484077200294,1.2425291060935706e-05,15.0
2026-04-25T16:40:09.746522,250426_102600.000000,1,58.37929916381836,8.680069923400879,35.400001525878906,7.099999904632568,0.8199999928474426,10,294.8299865722656,1,250426_144003.015625,0.11235828697681427,11.702767372131348,0.00400843471288681,0.09845323860645294,0.04746624827384949,0.000899629492778331,-0.0007925752433948219,-0.0038249234203249216,0.0014437518548220396,1.247107775270706e-05,13.0
2026-04-25T16:40:12.791364,250426_102602.000000,1,58.37929916381836,8.680027961730957,36.20000076293945,6.429999828338623,0.8600000143051147,9,294.8299865722656,1,250426_144003.015625,0.10926349461078644,11.70956802368164,0.0030874048825353384,0.10722711682319641,0.04673238843679428,0.0006799333496019244,-0.0029430482536554337,-0.000638925819657743,0.00142703449819237,1.1915152754227165e-05,15.0
2026-04-25T16:40:15.836107,250426_102611.000000,1,58.37931823730469,8.6798095703125,38.29999923706055,5.309999942779541,0.8199999928474426,10,294.8299865722656,1,250426_144004.000000,0.09877077490091324,11.700100898742676,0.005357017274945974,0.09485572576522827,0.040708087384700775,-0.0008625524351373315,-0.004591598641127348,-0.00262123323045671,0.0012826218735426664,1.0791882232297212e-05,15.0
2026-04-25T16:40:18.882191,250426_102612.000000,1,58.37931823730469,8.679784774780273,38.20000076293945,5.25,0.8199999928474426,10,294.8299865722656,1,250426_144004.000000,0.1166294738650322,11.712006568908691,0.0037826080806553364,0.02873799204826355,0.04197036474943161,-0.002270994707942009,0.0022977073676884174,0.0019675486255437136,0.0012291355524212122,1.1107587852166034e-05,17.0
2026-04-25T16:40:21.927270,250426_102622.000000,1,58.37934112548828,8.67957878112793,39.70000076293945,3.869999885559082,0.8199999928474426,10,294.8299865722656,1,250426_144004.984375,0.13327285647392273,11.707388877868652,0.002196279587224126,0.03155795484781265,0.0405852384865284,0.0007884348160587251,0.0017741952324286103,-0.0010267647448927164,0.0012847146717831492,1.1347384315740783e-05,18.0
2026-04-25T16:40:24.971978,250426_102623.000000,1,58.37934112548828,8.679560661315918,39.79999923706055,3.609999895095825,0.8199999928474426,10,294.8299865722656,1,250426_144004.984375,0.12812957167625427,11.711748123168945,0.0009642742807045579,0.030284615233540535,0.03626502677798271,0.0005877513904124498,-0.0004609676543623209,0.0006098212907090783,0.0012469643261283636,1.0263162039336748e-05,22.0
2026-04-25T16:40:28.015887,250426_102633.000000,1,58.379371643066406,8.679343223571777,38.099998474121094,3.069999933242798,0.8199999928474426,10,294.8299865722656,1,250426_144004.984375,0.1323171854019165,11.71356201171875,0.0037334593944251537,0.06766341626644135,0.0427074059844017,0.0006621205830015242,0.0036201339680701494,-0.0006284462288022041,0.0012743682600557804,1.190657258121064e-05,20.0
2026-04-25T16:40:31.060953,250426_102634.000000,1,58.379371643066406,8.679315567016602,37.900001525878906,3.2200000286102295,0.8199999928474426,10,294.8299865722656,1,250426_144020.984375,0.14477455615997314,11.709065437316895,0.001196742639876902,0.027124421671032906,0.04281981661915779,-0.0006296024075709283,-0.000745607481803745,0.0006927215727046132,0.00127277965657413,1.0224795005342457e-05,22.0
2026-04-25T16:40:34.107810,250426_102643.000000,1,58.37940979003906,8.679155349731445,34.70000076293945,4.489999771118164,0.8199999928474426,10,294.8299865722656,1,250426_144020.984375,0.13122457265853882,11.709295272827148,0.006423186976462603,0.0718798041343689,0.04329349100589752,-0.0016391732497140765,-0.005264781415462494,-0.0032943154219537973,0.0013676021480932832,1.0626636139932089e-05,18.0
2026-04-25T16:40:37.152611,250426_102644.000000,1,58.379398345947266,8.67912483215332,34.29999923706055,4.210000038146973,0.8199999928474426,10,294.8299865722656,1,250426_144022.000000,0.12229998409748077,11.714350700378418,0.0016218535602092743,0.1099337562918663,0.045983362942934036,0.001540077500976622,0.0002494853106327355,0.00044308879296295345,0.0013226524461060762,1.0509847015782725e-05,16.0
2026-04-25T16:40:40.197572,250426_102645.000000,1,58.379398345947266,8.679106712341309,33.900001525878906,4.199999809265137,0.8199999928474426,10,294.8299865722656,1,250426_144022.000000,0.13328193128108978,11.722684860229492,0.0015450820792466402,0.03247809782624245,0.04521619528532028,-0.0005939138354733586,0.0014075464569032192,-0.00023099393001757562,0.001319815986789763,1.046926718117902e-05,14.0
2026-04-25T16:40:43.242368,250426_102656.000000,1,58.37940979003906,8.678839683532715,32.900001525878906,4.03000020980835,0.8199999928474426,10,294.8299865722656,1,250426_144022.000000,0.13496077060699463,11.728816032409668,0.0025736698880791664,0.033776670694351196,0.038782257586717606,-0.0018919269787147641,0.0014992557698860765,0.0008925367146730423,0.0012566858204081655,9.280703125114087e-06,12.0
2026-04-25T16:40:46.292762,250426_102705.000000,1,58.379398345947266,8.678587913513184,32.599998474121094,4.860000133514404,0.8199999928474426,10,294.8299865722656,1,250426_144038.000000,0.13379423320293427,11.732483863830566,0.00672124233096838,0.1609824001789093,0.04060075432062149,-6.319477688521147e-05,0.0026044005062431097,0.006195820868015289,0.001309227547608316,8.904263268050272e-06,16.0
2026-04-25T16:40:49.332313,250426_102706.000000,1,58.379398345947266,8.678560256958008,32.599998474121094,5.03000020980835,0.8199999928474426,10,294.8299865722656,1,250426_144038.000000,0.12150011956691742,11.73611831665039,0.0022001503966748714,0.05360615253448486,0.04065677523612976,-0.0017649600049480796,0.0009966008365154266,0.0008557832334190607,0.001433135592378676,9.482441782893147e-06,20.0
2026-04-25T16:40:52.378141,250426_102707.000000,1,58.379398345947266,8.678537368774414,32.5,5.159999847412109,0.8199999928474426,10,294.8299865722656,1,250426_144038.000000,0.13514310121536255,11.741598129272461,0.0014259042218327522,0.01120657566934824,0.03663880378007889,3.347672463860363e-05,0.0008840661030262709,0.0011182615999132395,0.0012923995964229107,7.731395271548536e-06,24.0
2026-04-25T16:40:55.422100,250426_102717.000000,1,58.379451751708984,8.67831039428711,32.70000076293945,5.340000152587891,0.8399999737739563,9,294.8299865722656,1,250426_144038.000000,0.13190613687038422,11.751080513000488,0.0015024063177406788,0.1477040946483612,0.041307952255010605,-0.0008661089232191443,0.0011874348856508732,-0.0003115742583759129,0.0015231480356305838,9.589168257662095e-06,22.0
2026-04-25T16:40:58.467999,250426_102727.000000,1,58.379451751708984,8.678018569946289,33.70000076293945,5.360000133514404,0.8199999928474426,10,294.8299865722656,1,250426_144055.015625,0.13419051468372345,11.744002342224121,0.0020789792761206627,0.058216024190187454,0.044824909418821335,0.0014057931257411838,0.0015132613480091095,-0.0002365193358855322,0.0015676807379350066,1.0415167707833461e-05,24.0
2026-04-25T16:41:01.512005,250426_102728.000000,1,58.379451751708984,8.67799186706543,33.70000076293945,5.579999923706055,0.8199999928474426,10,294.8299865722656,1,250426_144055.015625,0.11864975839853287,11.743308067321777,0.0026381034404039383,0.015504224225878716,0.042984265834093094,-0.0001349679660052061,-0.0006571534322574735,-0.002551376586779952,0.0013582740211859345,9.430588761460967e-06,20.0
2026-04-25T16:41:04.558825,250426_102729.000000,1,58.379451751708984,8.677961349487305,34.0,5.570000171661377,0.8199999928474426,10,294.8299865722656,1,250426_144055.015625,0.1284642070531845,11.744256019592285,0.0031985274981707335,0.11367601901292801,0.044008903205394745,0.0008581113070249557,3.144908987451345e-05,-0.0030811091419309378,0.0014207653002813458,1.0564377589616925e-05,20.0
2026-04-25T16:41:07.603953,250426_102739.000000,1,58.379478454589844,8.677733421325684,33.400001525878906,5.110000133514404,0.8899999856948853,9,294.8299865722656,1,250426_144055.015625,0.1405324637889862,11.742623329162598,0.0018120844615623355,0.09906940907239914,0.042914483696222305,0.0016205139691010118,0.0007946986588649452,0.0001613651984371245,0.0013826036592945457,1.0597965228953399e-05,19.0
2026-04-25T16:41:10.653473,250426_102740.000000,1,58.379478454589844,8.677718162536621,33.29999923706055,5.110000133514404,0.8199999928474426,10,294.8299865722656,1,250426_144055.015625,0.13328783214092255,11.736729621887207,0.0035662902519106865,0.08734212070703506,0.040892593562603,0.0006584323709830642,-0.001042757066898048,0.003346274374052882,0.0012779728276655078,1.132327270170208e-05,15.0
2026-04-25T16:41:13.693507,250426_102751.000000,1,58.37947082519531,8.677422523498535,33.70000076293945,5.690000057220459,0.8199999928474426,10,294.8299865722656,1,250426_144055.015625,0.163692444562912,11.730765342712402,0.002619487466290593,0.020957550033926964,0.039635442197322845,0.0005469224997796118,0.001980150118470192,0.0016252986388280988,0.0013184378622099757,1.2250499821675476e-05,9.0
2026-04-25T16:41:16.738506,250426_102801.000000,1,58.379478454589844,8.677197456359863,35.70000076293945,5.190000057220459,0.8199999928474426,10,294.8299865722656,1,250426_144055.015625,0.16055238246917725,11.728950500488281,0.0036869305185973644,0.12270019203424454,0.03973962739109993,0.003453116165474057,0.0011800449574366212,0.0005262510967440903,0.0011695396387949586,1.1541253115865402e-05,9.0
2026-04-25T16:41:19.783516,250426_102802.000000,1,58.379478454589844,8.677178382873535,35.79999923706055,5.110000133514404,0.8199999928474426,10,294.8299865722656,1,250426_144055.015625,0.1424056738615036,11.734027862548828,0.0039053931832313538,0.10277637094259262,0.04190723970532417,-8.530628110747784e-05,-0.003875921480357647,-0.0004712222726084292,0.0012863726587966084,1.2340062312432565e-05,9.0
2026-04-25T16:41:22.828573,250426_102811.000000,1,58.37950897216797,8.677032470703125,37.29999923706055,3.2699999809265137,0.8199999928474426,10,338.42999267578125,1,250426_144055.015625,0.14413653314113617,11.744565963745117,0.001078728586435318,0.03384203836321831,0.04180087149143219,-0.00022816074488218874,0.0009754998027347028,0.00039999771979637444,0.0013171077007427812,1.1116394489363302e-05,13.0
2026-04-25T16:41:25.874987,250426_102812.000000,1,58.37950897216797,8.677006721496582,37.29999923706055,3.2300000190734863,0.8199999928474426,10,338.42999267578125,1,250426_144112.984375,0.15863074362277985,11.744683265686035,0.002541101071983576,0.03048264980316162,0.04229218512773514,0.0010987863643094897,0.0020673885010182858,0.0009878093842417002,0.001150306430645287,9.565421350998804e-06,19.0
2026-04-25T16:41:28.918075,250426_102822.000000,1,58.37957000732422,8.676705360412598,39.099998474121094,6.03000020980835,0.8199999928474426,10,338.42999267578125,1,250426_144112.984375,0.16828705370426178,11.742757797241211,0.004390002693980932,0.06614737212657928,0.042454782873392105,-0.0007418385939672589,0.0037301131524145603,0.0021927275229245424,0.0012299497611820698,1.0226419362879824e-05,19.0
2026-04-25T16:41:31.963560,250426_102823.000000,1,58.37957000732422,8.676684379577637,39.0,6.150000095367432,0.8199999928474426,10,338.42999267578125,1,250426_144128.984375,0.1849546879529953,11.744745254516602,0.0018532455433160067,0.051308050751686096,0.04041505232453346,0.000888823764398694,-0.0010705740423873067,0.001224084640853107,0.0012568115489557385,1.034327669913182e-05,17.0
2026-04-25T16:41:35.010018,250426_102824.000000,1,58.37957000732422,8.676665306091309,39.0,6.260000228881836,0.8199999928474426,10,338.42999267578125,1,250426_144128.984375,0.19081425666809082,11.7468900680542,0.0031402206514030695,0.05414581298828125,0.03917643800377846,-9.040761506184936e-05,-0.0015419176779687405,0.002734099980443716,0.0012081314343959093,1.0104645298270043e-05,16.0
2026-04-25T16:41:38.055323,250426_102833.000000,1,58.379638671875,8.676456451416016,41.20000076293945,4.949999809265137,0.8199999928474426,10,338.42999267578125,1,250426_144128.984375,0.19184373319149017,11.746070861816406,0.0012949815718457103,0.12357287108898163,0.042744461447000504,-0.000849245407152921,-8.246071956818923e-05,-0.0009741458343341947,0.0011924367863684893,1.0378578735981137e-05,14.0
2026-04-25T16:41:41.099886,250426_102834.000000,1,58.3796501159668,8.676431655883789,41.400001525878906,5.050000190734863,0.8199999928474426,10,338.42999267578125,1,250426_144130.000000,0.19049036502838135,11.741732597351074,0.0016844606725499034,0.04155353084206581,0.039601292461156845,0.0015541554894298315,0.0001774773554643616,0.0006249079015105963,0.0011575742391869426,8.69506493472727e-06,14.0
2026-04-25T16:41:44.148056,250426_102844.000000,1,58.37976837158203,8.67639446258545,46.400001525878906,5.730000019073486,0.8199999928474426,10,338.42999267578125,1,250426_144130.000000,0.19790159165859222,11.736502647399902,0.0018197951139882207,0.05388403311371803,0.039023518562316895,0.0010140232043340802,-0.000195996806723997,0.001498331199400127,0.001105669536627829,7.67266556067625e-06,20.0
2026-04-25T16:41:47.190018,250426_102845.000000,1,58.37977981567383,8.676403999328613,47.099998474121094,5.71999979019165,0.8199999928474426,10,338.42999267578125,1,250426_144131.015625,0.19350098073482513,11.741079330444336,0.0036198704037815332,0.1418895125389099,0.042846351861953735,-2.751158899627626e-05,0.0033080216962844133,-0.0014695909339934587,0.00116093666292727,7.6202441050554626e-06,24.0
2026-04-25T16:41:50.234743,250426_102855.000000,1,58.37990188598633,8.676403999328613,53.20000076293945,6.170000076293945,0.8199999928474426,10,338.42999267578125,1,250426_144131.015625,0.19076181948184967,11.734910011291504,0.002018591621890664,0.061385732144117355,0.04521685466170311,0.0018877178663387895,-0.0005591786466538906,0.00044559192610904574,0.0011025454150512815,7.4949580266547855e-06,26.0
2026-04-25T16:41:53.279523,250426_102856.000000,1,58.379920959472656,8.6763916015625,53.79999923706055,6.079999923706055,0.8199999928474426,10,338.42999267578125,1,250426_144131.015625,0.19339077174663544,11.738058090209961,0.0011078445240855217,0.04379136487841606,0.04291022941470146,-0.0005008849548175931,0.0009856356773525476,7.039846241241321e-05,0.0010736744152382016,7.143409675336443e-06,24.0
2026-04-25T16:41:56.324509,250426_102906.000000,1,58.38003158569336,8.6763334274292,58.099998474121094,5.960000038146973,0.8199999928474426,10,338.42999267578125,1,250426_144147.015625,0.19594161212444305,11.743208885192871,0.0023999318946152925,0.028171075507998466,0.04476374015212059,0.0020935938227921724,8.96341007319279e-05,-0.0011698300950229168,0.0011194964172318578,7.686858225497417e-06,26.0
2026-04-25T16:41:59.371373,250426_102908.000000,1,58.38003921508789,8.67635726928711,57.70000076293945,3.8499999046325684,0.8199999928474426,10,338.42999267578125,1,250426_144147.015625,0.2081127017736435,11.737685203552246,0.0012949446681886911,0.046477675437927246,0.045133162289857864,0.00040234572952613235,-0.0012204477097839117,0.0001597090158611536,0.0012085114140063524,8.56636597745819e-06,26.0
2026-04-25T16:42:02.418366,250426_102918.000000,1,58.38008117675781,8.676506996154785,58.599998474121094,4.21999979019165,0.8199999928474426,10,338.42999267578125,1,250426_144148.000000,0.19389455020427704,11.738913536071777,0.0018494775285944343,0.13336212933063507,0.04441235587000847,-0.0008593116654083133,-0.00023747522209305316,-0.0016204185085371137,0.0013939205091446638,8.81706455402309e-06,26.0
2026-04-25T16:42:05.464848,250426_102919.000000,1,58.380088806152344,8.67652702331543,58.70000076293945,4.21999979019165,0.8199999928474426,10,338.42999267578125,1,250426_144148.000000,0.1730034202337265,11.738911628723145,0.0026478790678083897,0.04734513908624649,0.0428316593170166,-0.000461106828879565,-0.0009767336305230856,-0.002417568117380142,0.0014772581635043025,9.553144991514273e-06,22.0
2026-04-25T16:42:08.509044,250426_102920.000000,1,58.38011169433594,8.676555633544922,58.900001525878906,4.53000020980835,0.8199999928474426,10,338.42999267578125,1,250426_144148.000000,0.1744665950536728,11.731115341186523,0.002978486940264702,0.07536627352237701,0.04133956879377365,0.0005041388212703168,0.002895267913118005,0.00048440846148878336,0.001454342040233314,9.377471542393323e-06,28.0
2026-04-25T16:42:11.553900,250426_102931.000000,1,58.38019943237305,8.676606178283691,60.5,4.630000114440918,0.8199999928474426,10,338.42999267578125,1,250426_144204.000000,0.16239884495735168,11.733373641967773,0.003167826449498534,0.10216714441776276,0.04418377950787544,0.0004722405574284494,-0.00238393759354949,-0.0020319828763604164,0.0015941823367029428,1.0774097972898744e-05,22.0
2026-04-25T16:42:14.598857,250426_102920.000000,1,58.38011169433594,8.676555633544922,58.900001525878906,4.53000020980835,0.8199999928474426,10,338.42999267578125,1,250426_144204.000000,0.16409601271152496,11.742311477661133,0.004545506089925766,0.06823442876338959,0.04368913918733597,-0.00047860987251624465,0.003450322663411498,-0.0029202448204159737,0.001544125028885901,1.0226758604403585e-05,18.0
2026-04-25T16:42:17.644038,250426_102919.000000,1,58.380088806152344,8.67652702331543,58.70000076293945,4.21999979019165,0.8199999928474426,10,338.42999267578125,1,250426_144204.984375,0.17465092241764069,11.737953186035156,0.0016975975595414639,0.07371468842029572,0.04223521426320076,0.0006878965650685132,0.0015519538428634405,-8.673450793139637e-06,0.0013913154834881425,9.62921967584407e-06,18.0
2026-04-25T16:42:20.693138,250426_102918.000000,1,58.38008117675781,8.676506996154785,58.599998474121094,4.21999979019165,0.8199999928474426,10,338.42999267578125,1,250426_144204.984375,0.17497260868549347,11.722146034240723,0.0031834396068006754,0.09205235540866852,0.038104135543107986,0.0014290399849414825,-0.0022440410684794188,0.0017482599942013621,0.0011972410138696432,8.220005838666111e-06,16.0
2026-04-25T16:42:23.733724,250426_102908.000000,1,58.38003921508789,8.67635726928711,57.70000076293945,3.8499999046325684,0.8199999928474426,10,338.42999267578125,1,250426_144204.984375,0.17694127559661865,11.735007286071777,0.0021460966672748327,0.028903760015964508,0.040560200810432434,0.00012936932034790516,0.002125440165400505,-0.00026739249005913734,0.0013359279837459326,9.823244909057394e-06,8.0
2026-04-25T16:42:26.778717,250426_102906.000000,1,58.38003158569336,8.6763334274292,58.099998474121094,5.960000038146973,0.8199999928474426,10,338.42999267578125,1,250426_144220.984375,0.18087723851203918,11.726639747619629,0.0028503620997071266,0.027898311614990234,0.037603653967380524,0.0015799321699887514,0.0015618837205693126,0.0017857481725513935,0.0012278794310986996,8.827653800835833e-06,10.0
2026-04-25T16:42:29.823368,250426_102856.000000,1,58.379920959472656,8.6763916015625,53.79999923706055,6.079999923706055,0.8199999928474426,10,338.42999267578125,1,250426_144220.984375,0.18970318138599396,11.721781730651855,0.002770115388557315,0.05988074094057083,0.04317764192819595,0.00019260200497228652,0.0027592587284743786,0.00015144358621910214,0.0012084669433534145,9.232101547240745e-06,10.0
2026-04-25T16:42:32.868401,250426_102855.000000,1,58.37990188598633,8.676403999328613,53.20000076293945,6.170000076293945,0.8199999928474426,10,338.42999267578125,1,250426_144220.984375,0.1776800900697708,11.731852531433105,0.002151070162653923,0.11278416961431503,0.04707800969481468,-0.00023926909489091486,0.0018698249477893114,-0.0010361506137996912,0.0012983852066099644,1.0345177543058526e-05,14.0
2026-04-25T16:42:35.915646,250426_102845.000000,1,58.37977981567383,8.676403999328613,47.099998474121094,5.71999979019165,0.8199999928474426,10,338.42999267578125,1,250426_144220.984375,0.17988818883895874,11.722442626953125,0.003760608145967126,0.03755917027592659,0.04721183702349663,0.0010790405794978142,0.0030428802128881216,0.0019283994333818555,0.0012635771417990327,9.049178515851963e-06,18.0
2026-04-25T16:42:38.960559,250426_102844.000000,1,58.37976837158203,8.67639446258545,46.400001525878906,5.730000019073486,0.8199999928474426,10,338.42999267578125,1,250426_144238.000000,0.19691774249076843,11.71635627746582,0.0033114419784396887,0.061585407704114914,0.044858504086732864,-0.00020190145005472004,0.0029971760232001543,0.0013934917515143752,0.0012549335369840264,9.046434570336714e-06,16.0
2026-04-25T16:42:42.005223,250426_102834.000000,1,58.3796501159668,8.676431655883789,41.400001525878906,5.050000190734863,0.8199999928474426,10,338.42999267578125,1,250426_144238.000000,0.2032364010810852,11.71484375,0.001194765092805028,0.028135498985648155,0.043658893555402756,-0.0009071251261048019,-0.0005254201241768897,0.000573167868424207,0.0011712710838764906,8.305945812026039e-06,20.0
2026-04-25T16:42:45.050119,250426_102833.000000,1,58.379638671875,8.676456451416016,41.20000076293945,4.949999809265137,0.8199999928474426,10,338.42999267578125,1,250426_144238.000000,0.22107639908790588,11.714860916137695,0.001978169661015272,0.0471811518073082,0.03843238577246666,-0.0002445316640660167,-0.001925683463923633,-0.00038092394242994487,0.0012127868831157684,8.194247129722498e-06,18.0
2026-04-25T16:42:48.095009,250426_102824.000000,1,58.37957000732422,8.676665306091309,39.0,6.260000228881836,0.8199999928474426,10,338.42999267578125,1,250426_144238.000000,0.22078649699687958,11.713072776794434,0.002395366784185171,0.03213490545749664,0.03130331635475159,0.00012565040378831327,-0.0013202636037021875,0.00199471740052104,0.0010968203423544765,7.008934517216403e-06,18.0
2026-04-25T16:42:51.140030,250426_102823.000000,1,58.37957000732422,8.676684379577637,39.0,6.150000095367432,0.8199999928474426,10,338.42999267578125,1,250426_144238.000000,0.20745190978050232,11.704900741577148,0.00268375757150352,0.11507799476385117,0.03299412503838539,-0.0006832390790805221,0.001104426570236683,0.0023486122954636812,0.00114320102147758,7.041673143248772e-06,21.0
2026-04-25T16:42:54.187831,250426_102822.000000,1,58.37957000732422,8.676705360412598,39.099998474121094,6.03000020980835,0.8199999928474426,10,338.42999267578125,1,250426_144239.015625,0.19957320392131805,11.700963020324707,0.0028679845854640007,0.0657382532954216,0.03430817648768425,0.0009752851910889149,0.0025914846919476986,-0.0007472347933799028,0.0011096933158114552,6.985167146922322e-06,23.0
2026-04-25T16:42:57.229883,250426_102812.000000,1,58.37950897216797,8.677006721496582,37.29999923706055,3.2300000190734863,0.8199999928474426,10,338.42999267578125,1,250426_144239.015625,0.19468320906162262,11.693270683288574,0.0034060219768434763,0.0697723999619484,0.034133121371269226,0.0005940896226093173,0.002911265939474106,0.001665104879066348,0.0010892520658671856,7.213741355371894e-06,23.0
2026-04-25T16:43:00.274605,250426_102811.000000,1,58.37950897216797,8.677032470703125,37.29999923706055,3.2699999809265137,0.8199999928474426,10,338.42999267578125,1,250426_144239.015625,0.20941811800003052,11.701780319213867,0.004197247326374054,0.11914904415607452,0.03708895668387413,-0.0008064461871981621,0.004012465942651033,-0.0009309394517913461,0.0010810985695570707,7.508276667067548e-06,27.0
2026-04-25T16:43:03.319588,250426_102802.000000,1,58.379478454589844,8.677178382873535,35.79999923706055,5.110000133514404,0.8199999928474426,10,294.8299865722656,1,250426_144240.000000,0.20575730502605438,11.698588371276855,0.007115237880498171,0.14972101151943207,0.04164348170161247,0.0020465333946049213,0.0032366879750043154,-0.005996846128255129,0.0012734762858599424,9.407937795913313e-06,26.0
2026-04-25T16:43:06.366625,250426_102801.000000,1,58.379478454589844,8.677197456359863,35.70000076293945,5.190000057220459,0.8199999928474426,10,294.8299865722656,1,250426_144240.000000,-6.571547985076904,8.616768836975098,0.2224951982498169,1.0310580730438232,2.409153461456299,-0.06162508949637413,-0.21117699146270752,0.033327847719192505,0.4515238404273987,0.24681638181209564,20.0
2026-04-25T16:43:09.411417,250426_102751.000000,1,58.37947082519531,8.677422523498535,33.70000076293945,5.690000057220459,0.8199999928474426,10,294.8299865722656,1,250426_144256.000000,-6.385425090789795,6.324196815490723,0.20109474658966064,0.09616302698850632,2.487535238265991,0.18076273798942566,0.027315940707921982,0.08377212285995483,0.44158047437667847,0.2558705806732178,16.0
2026-04-25T16:43:12.458714,250426_102740.000000,1,58.379478454589844,8.677718162536621,33.29999923706055,5.110000133514404,0.8199999928474426,10,294.8299865722656,1,250426_144256.000000,-6.13360595703125,4.642803192138672,0.16944164037704468,0.08355289697647095,2.485626220703125,0.1488477885723114,0.021350005641579628,0.07809602469205856,0.4304368495941162,0.26122868061065674,12.0
2026-04-25T16:43:15.501312,250426_102739.000000,1,58.379478454589844,8.677733421325684,33.400001525878906,5.110000133514404,0.8899999856948853,9,294.8299865722656,1,250426_144256.000000,-5.928158760070801,3.2502362728118896,0.14492619037628174,0.04674789309501648,2.485653877258301,0.1264769434928894,0.016342222690582275,0.06884850561618805,0.4184696078300476,0.2650918662548065,6.0
2026-04-25T16:43:18.546254,250426_102729.000000,1,58.379451751708984,8.677961349487305,34.0,5.570000171661377,0.8199999928474426,10,294.8299865722656,1,250426_144256.984375,-5.682736396789551,1.6062403917312622,0.11239393800497055,0.09795460104942322,2.484238624572754,0.09465616941452026,0.01601409539580345,0.058447908610105515,0.40045201778411865,0.26892557740211487,4.0
2026-04-25T16:43:21.591095,250426_102728.000000,1,58.379451751708984,8.67799186706543,33.70000076293945,5.579999923706055,0.8199999928474426,10,294.8299865722656,1,250426_144256.984375,-5.487549781799316,0.3497561812400818,0.08715783804655075,0.08618850260972977,0.8256797790527344,0.07487793266773224,0.01009809598326683,0.04344895854592323,0.04671216383576393,0.025478286668658257,2.0
2026-04-25T16:43:24.636133,250426_102727.000000,1,58.379451751708984,8.678018569946289,33.70000076293945,5.360000133514404,0.8199999928474426,10,294.8299865722656,1,250426_144256.984375,-5.3981194496154785,-0.3292957544326782,0.0763961598277092,0.038400158286094666,0.04053186625242233,0.06444668769836426,0.008327605202794075,0.04017024487257004,0.03766493499279022,0.01813836209475994,0.0
2026-04-25T16:43:27.680975,250426_102717.000000,1,58.379451751708984,8.67831039428711,32.70000076293945,5.340000152587891,0.8399999737739563,9,294.8299865722656,1,250426_144256.984375,-5.256434440612793,-1.3720647096633911,0.05386681482195854,0.06913783401250839,0.041618168354034424,0.0449986457824707,0.005181165412068367,0.029153233394026756,0.026797683909535408,0.009454836137592793,0.0
2026-04-25T16:43:30.725948,250426_102707.000000,1,58.379398345947266,8.678537368774414,32.5,5.159999847412109,0.8199999928474426,10,294.8299865722656,1,250426_144314.000000,-5.183130264282227,-1.7610361576080322,0.045121368020772934,0.09602903574705124,0.04123905673623085,0.03534582257270813,0.0051464783027768135,0.027570359408855438,0.02282175049185753,0.006846828386187553,0.0
2026-04-25T16:43:33.771105,250426_102706.000000,1,58.379398345947266,8.678560256958008,32.599998474121094,5.03000020980835,0.8199999928474426,10,294.8299865722656,1,250426_144314.000000,-5.131024360656738,-2.092693328857422,0.039875444024801254,0.0595274493098259,0.037993595004081726,0.03150394558906555,0.003045815508812666,0.024254389107227325,0.019551647827029228,0.004970055539160967,0.0
2026-04-25T16:43:36.817794,250426_102705.000000,1,58.379398345947266,8.678587913513184,32.599998474121094,4.860000133514404,0.8199999928474426,10,294.8299865722656,1,250426_144314.000000,-5.089407444000244,-2.3740992546081543,0.03446488454937935,0.037378136068582535,0.03993469104170799,0.028658196330070496,0.004779770039021969,0.018538877367973328,0.01674908958375454,0.0036000374238938093,0.0
2026-04-25T16:43:39.862935,250426_102656.000000,1,58.37940979003906,8.678839683532715,32.900001525878906,4.03000020980835,0.8199999928474426,10,294.8299865722656,1,250426_144314.000000,-5.0242390632629395,-2.713813304901123,0.026655087247490883,0.011234443634748459,0.04013089835643768,0.02177840657532215,0.005107635632157326,0.014495059847831726,0.013336031697690487,0.002216709079220891,0.0
2026-04-25T16:43:42.909681,250426_102645.000000,1,58.379398345947266,8.679106712341309,33.900001525878906,4.199999809265137,0.8199999928474426,10,294.8299865722656,1,250426_144314.000000,-4.985408306121826,-2.998551368713379,0.020367344841361046,0.060474276542663574,0.035329192876815796,0.015109148807823658,0.0024461939465254545,0.013437206856906414,0.010019025765359402,0.0012976035941392183,0.0
2026-04-25T16:43:45.955844,250426_102644.000000,1,58.379398345947266,8.67912483215332,34.29999923706055,4.210000038146973,0.8199999928474426,10,294.8299865722656,1,250426_144314.000000,-4.954459190368652,-3.1966638565063477,0.01411703135818243,0.03519333153963089,0.03954435512423515,0.012673032470047474,0.0020729112438857555,0.005864118225872517,0.007887800224125385,0.0007986362907104194,0.0
2026-04-25T16:43:48.998433,250426_102643.000000,1,58.37940979003906,8.679155349731445,34.70000076293945,4.489999771118164,0.8199999928474426,10,294.8299865722656,1,250426_144314.000000,-4.93833589553833,-3.377868413925171,0.011374546214938164,0.0673757866024971,0.03942059725522995,0.007800137158483267,0.0019393456168472767,0.008048420771956444,0.00595561508089304,0.00045383413089439273,0.0
2026-04-25T16:43:52.043532,250426_102634.000000,1,58.379371643066406,8.679315567016602,37.900001525878906,3.2200000286102295,0.8199999928474426,10,294.8299865722656,1,250426_144348.000000,-4.8992815017700195,-3.4993062019348145,0.010466129519045353,0.03374520689249039,0.04016320779919624,0.007838811725378036,0.004450197797268629,0.005318708252161741,0.004667316563427448,0.00028563282103277743,0.0
2026-04-25T16:43:55.088328,250426_102633.000000,1,58.379371643066406,8.679343223571777,38.099998474121094,3.069999933242798,0.8199999928474426,10,294.8299865722656,1,250426_144348.000000,-4.901586055755615,-3.564328670501709,0.006719433702528477,0.030177650973200798,0.039834436029195786,0.004354689735919237,-0.0010940560605376959,0.004999050870537758,0.004050142131745815,0.00020675748237408698,0.0
2026-04-25T16:43:58.133231,250426_102623.000000,1,58.37934112548828,8.679560661315918,39.79999923706055,3.609999895095825,0.8199999928474426,10,294.8299865722656,1,250426_144348.984375,-4.895870685577393,-3.6252553462982178,0.007365033496171236,0.10912643373012543,0.03933199495077133,0.006010351702570915,0.0037377658300101757,0.00203678454272449,0.0033094908576458693,0.00015116360737010837,0.0
2026-04-25T16:44:01.178105,250426_102622.000000,1,58.37934112548828,8.67957878112793,39.70000076293945,3.869999885559082,0.8199999928474426,10,294.8299865722656,1,250426_144348.984375,-4.892935752868652,-3.672457218170166,0.006998105440288782,0.03136546164751053,0.04036005213856697,0.005920538678765297,0.0014001536183059216,0.003458363236859441,0.002973451977595687,0.00011281170009169728,0.0
2026-04-25T16:44:04.223033,250426_102612.000000,1,58.37931823730469,8.679784774780273,38.20000076293945,5.25,0.8199999928474426,10,294.8299865722656,1,250426_144348.984375,-4.878762245178223,-3.7317678928375244,0.007526526227593422,0.07933957129716873,0.0388401634991169,0.005636570043861866,0.002515629632398486,0.004306887276470661,0.0025118591729551554,7.429468678310513e-05,0.0
