Time, UTC Date, UTC Time, Label, Latitude, Longitude, Altitude, Speed, HDOP, Satelites, Course, Fix, Roll Degrees, Pitch Degrees, Dynamic Magnitude, Jerk, Jerk Std, Acceleration X, Acceleration Y, Acceleration Z, Standard Deviation, Energy, Zero Crossings
87,250426,153828.000,0,58.38025,8.676808,33.9,0.06,1.51,6,120.64,1,-7.563815,6.755608,0.020915,0.047198,0.058000,0.004448,-0.020245,-0.002795,0.004811,0.000811,0.000000
107,250426,153850.000,0,58.38033,8.676865,41.8,0.33,1.3,7,253.78,1,-10.111846,7.397495,0.075004,0.958823,0.531076,0.030123,-0.068190,0.008265,0.025503,0.003970,16.000000
115,250426,153851.000,0,58.38034,8.67684,42.0,3.75,1.3,7,253.78,1,-10.608222,6.152712,0.053610,0.368276,1.795133,0.034163,0.040979,0.005268,0.060072,0.009787,14.000000
122,250426,153852.000,0,58.38035,8.676808,42.1,4.2,1.3,7,285.27,1,-11.085467,5.848898,0.018824,0.219422,1.875968,-0.015073,0.009458,0.006140,0.063749,0.010619,16.000000
130,250426,153911.000,0,58.38039,8.676454,39.4,1.63,1.3,7,18.0,1,-12.444390,5.672548,0.141062,0.441882,0.884995,0.113728,-0.079822,0.024353,0.049063,0.006702,12.000000
137,250426,153912.000,0,58.38041,8.676452,39.5,1.58,1.35,6,341.4,1,-11.763328,5.509038,0.164672,2.122696,1.434794,-0.105799,0.042453,-0.118833,0.057080,0.011035,16.000000
151,250426,153931.000,0,58.38099,8.676572,37.3,20.59,1.3,7,358.89,1,-8.706164,6.729169,0.101026,7.437321,1.751834,-0.037752,0.017473,-0.092064,0.048974,0.015030,20.000000
159,250426,153932.000,0,58.38106,8.676546,37.1,21.6,1.3,7,352.88,1,-7.602407,8.091989,0.117696,1.280894,1.512589,-0.070077,0.081851,0.047350,0.047130,0.012834,23.000000
166,250426,153950.000,0,58.38229,8.676249,33.7,28.04,1.13,8,356.42,1,-7.846520,9.975088,0.064880,0.640887,1.459120,-0.064166,0.005485,0.007881,0.052513,0.013917,31.000001
174,250426,153951.000,0,58.38237,8.676232,33.2,28.27,1.46,8,353.9,1,-9.964851,7.706091,0.159839,2.143227,0.906729,0.046872,-0.150774,-0.024875,0.063026,0.023660,30.000000
188,250426,154009.000,0,58.38393,8.67694,26.3,61.13,1.13,8,349.35,1,-8.432486,8.656496,0.055383,0.844974,1.100641,-0.043709,0.033909,-0.002622,0.038190,0.007146,27.000000
195,250426,154010.000,0,58.38406,8.67708,26.0,61.19,1.13,8,28.41,1,-8.113048,8.640648,0.031051,0.375524,1.010270,0.017331,0.016219,0.020018,0.027417,0.005256,19.000000
215,250426,154028.000,0,58.38644,8.6798,15.9,61.3,1.13,8,50.15,1,-8.754444,9.620407,0.082185,1.286124,0.812506,-0.045969,0.006935,-0.067772,0.033877,0.007330,14.000000
223,250426,154045.000,0,58.3879,8.683787,14.0,62.17,1.46,8,41.72,1,-9.249454,9.260896,0.067775,0.650545,0.827872,0.038992,-0.017510,-0.052597,0.032511,0.005505,18.000001
243,250426,154103.000,0,58.38984,8.687668,11.1,64.07,1.45,8,39.67,1,-8.626479,10.152239,0.037507,1.609410,0.755821,-0.002544,-0.035199,-0.012699,0.025223,0.003701,23.000000
251,250426,154104.000,0,58.38996,8.68786,11.0,64.0,1.45,8,39.14,1,-9.741030,10.504869,0.050769,0.982022,0.822966,0.032442,0.018442,-0.034423,0.031509,0.005371,17.000000
258,250426,154120.000,0,58.39198,8.690583,11.8,64.0,1.57,7,39.14,1,-9.306026,10.135307,0.083521,2.898828,0.915993,0.068135,0.028867,-0.038730,0.032236,0.005945,19.000000
266,250426,154121.000,0,58.39211,8.690701,12.2,61.78,1.57,7,22.79,1,-8.964726,11.380502,0.053400,1.895650,0.804217,-0.028968,-0.029894,0.033447,0.032815,0.005129,17.000000
279,250426,154138.000,0,58.39467,8.691315,7.0,60.96784,1.45,8,339.63,1,-9.032450,8.078071,0.071246,0.573468,0.608314,0.069896,0.013357,0.003497,0.039575,0.009490,13.000001
287,250426,154139.000,0,58.39482,8.69121,7.2,60.61,1.45,8,338.53,1,-9.015886,7.650308,0.046127,0.846415,0.720335,-0.037384,-0.026214,-0.006559,0.037754,0.010169,13.000001
314,250426,154213.000,0,58.3996,8.693946,-0.3,60.54,1.44,8,19.29,1,-6.399633,9.303186,0.128893,1.782616,0.790436,0.126019,0.023827,-0.012844,0.031215,0.007604,17.000000
321,250426,154214.000,0,58.39973,8.694037,-0.3,57.48,1.44,8,19.31,1,-8.425201,10.091809,0.195594,0.846081,0.850382,0.104062,-0.156985,-0.052763,0.069035,0.022939,21.000001
335,250426,154231.000,0,58.40142,8.69448,0.1,45.63,1.12,8,4.28,1,-10.445811,9.055673,0.044121,0.714308,0.604332,0.001708,-0.018132,-0.040186,0.038005,0.006014,14.000000
349,250426,154248.000,0,58.4037,8.695919,-1.8,60.45,1.28,7,4.28,1,-9.608314,10.135734,0.056442,0.730006,0.649430,0.050598,0.023253,-0.009209,0.043544,0.009042,17.000000
375,250426,154306.000,0,58.40606,8.69645,-2.7,49.77,1.12,8,351.61,1,-9.370317,10.110118,0.125512,2.156674,0.863960,-0.093999,0.044185,0.070464,0.048444,0.007354,16.000000
389,250426,154323.000,0,58.4082,8.696622,-7.4,54.16,1.12,8,7.24,1,-8.747109,9.429747,0.045881,1.307846,0.754863,-0.031424,0.015805,0.029457,0.033195,0.005035,21.000001
397,250426,154339.000,0,58.41017,8.697463,-9.7,42.9,1.29,9,17.05,1,-9.062218,9.977558,0.053801,1.430364,0.713243,-0.029647,0.036205,0.026548,0.032724,0.004948,21.000001
410,250426,154340.000,0,58.41028,8.697528,-10.2,43.38,1.29,9,18.06,1,-10.128815,8.620543,0.161630,1.947635,0.815010,-0.050955,-0.133563,0.075423,0.046168,0.011987,12.000000
418,250426,154356.000,0,58.41183,8.698522,-6.5,36.68,1.29,9,18.06,1,-11.085364,8.987556,0.069757,1.888676,0.952457,-0.020817,-0.006779,-0.066232,0.046947,0.012088,19.000000
425,250426,154357.000,0,58.41192,8.698562,-5.8,32.48,1.29,9,12.27,1,-10.513637,9.614200,0.011956,0.920467,0.971356,-0.004567,-0.004562,-0.010064,0.040051,0.007446,25.000000
433,250426,154412.000,0,58.41341,8.699137,-3.3,41.82,1.29,9,10.29,1,-11.142391,10.170453,0.044178,0.941874,0.872553,-0.021742,0.011513,0.036694,0.037134,0.005790,22.000000
447,250426,154428.000,0,58.41525,8.699786,-4.4,48.22,1.29,9,9.04,1,-8.533184,8.409925,0.064668,2.000996,0.930224,0.058258,0.026112,-0.010300,0.054659,0.011156,19.000000
467,250426,154445.000,0,58.41669,8.700426,-4.9,40.44,1.29,9,356.2,1,-8.254377,10.507435,0.296365,1.713005,1.091052,-0.284489,0.015485,0.081601,0.058313,0.016225,16.000000
487,250426,154502.000,0,58.41792,8.698548,-2.9,37.9,1.29,9,310.65,1,-12.885040,7.683288,0.141593,0.999093,1.135602,-0.131906,0.050693,0.008917,0.073141,0.033339,20.000000
501,250426,154518.000,0,58.42094,8.699707,-7.4,97.37817,1.11,8,11.79,1,-9.920930,8.176768,0.164132,3.516288,1.515307,0.082086,0.004808,-0.142050,0.058746,0.023322,12.000000
509,250426,154534.000,0,58.42473,8.699956,-6.9,89.79,1.29,9,11.79,1,-9.848948,10.259117,0.229114,4.778735,2.079662,-0.204625,-0.069137,0.076434,0.082272,0.025262,18.000001
517,250426,154535.000,0,58.42494,8.699899,-6.8,90.28,1.06,9,352.19,1,-10.731314,10.578644,0.072332,1.457291,2.064516,-0.008480,0.012659,-0.070709,0.082201,0.020128,19.000000
537,250426,154552.000,0,58.4285,8.697081,-0.3,93.62,1.29,9,352.19,1,-10.650866,10.000739,0.215841,2.614236,1.467122,0.198000,0.045245,-0.073051,0.057494,0.014590,21.000001
551,250426,154609.000,0,58.43139,8.691839,6.8,94.06,1.05,9,324.86,1,-10.330127,8.368584,0.080975,0.719755,1.066242,-0.069106,0.006388,0.041719,0.046106,0.012157,22.000000
558,250426,154610.000,0,58.43158,8.691595,7.6,93.63712,1.29,9,328.51,1,-9.749137,8.630096,0.173923,1.777562,1.122510,-0.093799,0.031685,0.142994,0.041757,0.010619,22.000000
585,250426,154643.000,0,58.43911,8.691794,28.5,95.21,0.9700001,10,14.04,1,-9.233304,11.359857,0.138586,0.789145,1.884423,0.097057,0.017743,-0.097320,0.066644,0.014823,27.000000
599,250426,154659.000,0,58.44265,8.693987,32.0,95.84,1.26,10,23.81,1,-10.113800,9.402456,0.138768,3.184898,1.313647,-0.017828,-0.054019,0.126573,0.044398,0.012267,18.000001
612,250426,154715.000,0,58.44583,8.697971,36.6,95.94001,0.9700001,10,42.9,1,-9.839889,10.115244,0.144439,0.808694,1.203252,-0.134876,0.014500,0.049605,0.042062,0.010446,21.000001
633,250426,154732.000,0,58.4484,8.703785,42.9,95.07,1.29,9,43.89,1,-9.694391,10.469736,0.109278,1.614615,1.127807,-0.028358,0.093204,-0.049504,0.040213,0.010725,16.000000
640,250426,154733.000,0,58.44859,8.704081,44.0,95.1,1.29,9,39.6,1,-9.688177,11.313690,0.167484,2.232805,1.154689,-0.030104,-0.059743,0.153543,0.050889,0.015233,14.000000
654,250426,154749.000,0,58.45192,8.707242,50.9,92.6,1.26,10,16.97,1,-9.556568,11.173273,0.131762,0.579116,1.032340,-0.076352,0.075288,0.076572,0.043193,0.010864,22.000000
668,250426,154806.000,0,58.45552,8.709605,43.0,85.16001,1.29,10,26.38,1,-9.051904,9.708805,0.051924,1.089217,1.405013,-0.045455,0.024373,-0.005988,0.062465,0.019238,20.000000
682,250426,154807.000,0,58.45552,8.709605,43.0,84.22896,1.29,10,28.12,1,-8.453295,10.231751,0.087535,1.689903,1.010725,0.020652,-0.056608,-0.063493,0.041728,0.009408,23.000000
689,250426,154823.000,0,58.45829,8.713622,41.4,80.75,1.26,10,46.53,1,-8.726305,10.412742,0.151820,1.580676,1.174799,0.099799,-0.033859,-0.109284,0.043147,0.011076,22.000000
703,250426,154839.000,0,58.46013,8.718042,43.8,72.52,0.9599999,10,55.98,1,-9.936144,11.467252,0.055626,2.819984,0.993966,-0.023220,-0.019080,-0.046809,0.038389,0.007825,22.000000
711,250426,154855.000,0,58.4618,8.723086,42.2,85.30001,1.26,10,58.41,1,-9.800663,11.269065,0.123877,2.597372,1.099194,-0.014210,-0.007120,0.122854,0.051957,0.011848,16.000000
718,250426,154856.000,0,58.46191,8.723433,41.9,85.42,1.26,10,58.38,1,-8.892019,11.001945,0.085991,2.019455,1.071449,-0.083395,0.015838,-0.013746,0.050242,0.010730,13.000001
738,250426,154912.000,0,58.46381,8.72893,37.4,83.53,1.26,10,53.16,1,-8.536495,10.589070,0.091058,2.895778,1.169251,-0.052591,-0.030466,0.067806,0.039191,0.008499,18.000001
746,250426,154927.000,0,58.46569,8.733248,36.3,76.14,1.01,9,53.16,1,-9.480549,9.965315,0.091532,1.044497,1.290951,0.055277,-0.072445,-0.008614,0.049052,0.009889,20.000000
766,250426,154944.000,0,58.46824,8.737668,38.5,84.3,1.26,10,38.92,1,-8.799976,9.976791,0.145001,1.705102,0.982236,0.100619,0.023088,-0.101824,0.050432,0.011580,13.000001
774,250426,154959.000,0,58.47078,8.741162,40.3,78.26,1.26,10,38.92,1,-8.937317,9.644659,0.081596,1.250345,1.053021,0.039964,-0.057545,-0.041826,0.038292,0.010169,14.000000
788,250426,155000.000,0,58.47094,8.741353,40.5,7.0,0.9599999,10,30.27,1,-9.183604,9.306003,0.141879,1.619860,0.748862,0.056498,-0.033322,-0.125806,0.032270,0.005688,22.000000
802,250426,155016.000,0,58.47402,8.744084,37.1,88.96,1.36,9,28.54,1,-7.831316,8.296597,0.133865,4.626942,1.017041,0.114294,0.056164,-0.041259,0.042131,0.010478,21.000001
816,250426,155032.000,0,58.47663,8.748128,35.8,78.85,1.26,10,51.45,1,-10.495101,10.270549,0.119801,3.330848,1.369514,-0.066954,0.008509,0.098980,0.061565,0.019480,18.000001
846,250426,155110.000,0,58.48369,8.758497,47.2,94.89,1.35,8,29.56,1,-10.264610,10.912436,0.120156,0.628648,1.397686,0.101565,0.029351,-0.057100,0.064651,0.017358,14.000000
860,250426,155111.000,0,58.48388,8.758663,40.9,98.07,1.35,8,29.56,1,-10.728227,9.897339,0.081688,1.926535,1.813766,-0.079374,-0.016195,-0.010507,0.098989,0.033939,19.000000
868,250426,155127.000,0,58.48739,8.76258,38.3,105.18,0.95,10,29.91,1,-10.041293,9.189415,0.273023,1.100212,1.865833,0.243511,0.006093,-0.123315,0.092925,0.034268,19.000000
881,250426,155128.000,0,58.48762,8.762838,38.5,105.05,1.26,10,29.91,1,-9.567907,9.554248,0.143626,2.795858,1.611625,-0.087965,0.068781,0.090331,0.062806,0.019913,15.000000
889,250426,155144.000,0,58.49118,8.767054,46.9,102.01,1.26,10,31.8,1,-9.248968,9.776127,0.071686,1.545227,1.502465,-0.034705,0.022328,-0.058617,0.062948,0.015972,11.000000
903,250426,155200.000,0,58.4946,8.771227,53.0,101.03,1.26,10,37.94,1,-9.218437,11.046429,0.041340,1.430993,1.233672,0.019013,0.021452,-0.029787,0.076089,0.019126,22.000000
911,250426,155216.000,0,58.49721,8.776736,55.6,100.04,1.64,9,37.94,1,-9.220685,11.658219,0.082593,1.206712,1.184194,0.068942,-0.035042,-0.028994,0.057100,0.012680,17.000000
925,250426,155217.000,0,58.49733,8.777142,55.5,99.96,1.64,9,58.15,1,-8.560666,11.564739,0.115872,1.032011,1.272995,-0.065334,0.043385,0.085296,0.057498,0.016437,20.000000
932,250426,155233.000,0,58.49883,8.784137,53.0,97.24,1.26,10,59.79,1,-7.879712,11.720219,0.199805,2.571463,1.244045,0.145581,0.035518,-0.132161,0.061748,0.016259,18.000001
946,250426,155234.000,0,58.49891,8.784574,53.0,96.69291,1.26,10,71.01,1,-7.530738,11.489862,0.064412,1.161744,0.928305,-0.052772,-0.021190,0.030249,0.041952,0.013056,17.000000
954,250426,155250.000,0,58.49988,8.79057,47.4,64.95,1.26,10,80.85,1,-4.928532,9.684050,0.336118,0.487138,0.803922,0.316377,0.103253,-0.047114,0.083126,0.025259,13.000001
961,250426,155305.000,0,58.49977,8.794207,53.2,30.97,1.26,10,80.85,1,-6.699467,12.311465,0.063832,0.373854,0.754421,-0.056131,0.029980,0.004998,0.079547,0.028853,13.000001
975,250426,155306.000,0,58.49973,8.794333,52.9,34.05,1.26,10,80.85,1,-10.409648,10.389463,0.033655,0.449633,0.780693,0.025373,0.021766,-0.003888,0.089672,0.036106,23.000000
983,250426,155321.000,0,58.49958,8.796643,51.3,49.27,0.95,10,80.85,1,-8.318223,7.645325,0.114111,0.217242,0.929792,0.107097,-0.003529,-0.039231,0.079410,0.029665,20.000000
990,250426,155322.000,0,58.49958,8.796882,52.9,50.58,1.26,10,89.8,1,-9.698689,10.255131,0.147154,0.861756,0.885251,-0.023054,-0.132671,0.059340,0.120644,0.062643,12.000000
998,250426,155337.000,0,58.49912,8.79947,52.8,42.58,1.26,10,107.35,1,-9.475039,10.749097,0.073963,1.906760,0.809584,0.070068,0.006964,-0.022639,0.135995,0.051620,13.000001
1012,250426,155353.000,0,58.49762,8.803274,41.5,69.2648,0.95,10,155.19,1,-8.646749,7.640500,0.158283,2.008537,0.998549,-0.137525,0.027144,0.073508,0.041077,0.013012,17.000000
1025,250426,155409.000,0,58.4946,8.803777,21.5,74.62,1.32,9,159.24,1,-7.042836,7.954315,0.126235,0.889764,0.898008,0.112667,-0.006523,0.056559,0.034520,0.012297,17.000000
1033,250426,155410.000,0,58.49443,8.803879,21.4,73.07,0.92,10,164.85,1,-7.051135,5.849026,0.066116,0.296067,0.870254,0.002364,0.031267,0.058207,0.043244,0.012190,13.000001
1041,250426,155425.000,0,58.49169,8.802804,13.5,80.30001,0.86,11,164.85,1,-6.640656,8.158359,0.237161,0.988813,1.098680,-0.230149,0.011202,0.056137,0.064994,0.018669,12.000000
1048,250426,155426.000,0,58.49154,8.802561,12.7,80.82,0.88,10,219.1,1,-6.894619,10.403407,0.083774,0.933999,1.305140,-0.031018,-0.004544,0.077688,0.064190,0.021930,16.000000
1062,250426,155442.000,0,58.48851,8.801253,6.3,81.18,0.92,10,188.08,1,-7.912585,13.227056,0.201318,0.825935,1.292210,-0.142397,0.026956,0.139734,0.054481,0.019666,13.000001
1082,250426,155459.000,0,58.48619,8.803264,26.7,29.08,0.77,12,135.88,1,-10.792375,9.673851,0.166344,1.548079,0.800425,0.100639,-0.087439,-0.099481,0.089968,0.050028,23.000000
1102,250426,155515.000,0,58.48567,8.807193,32.1,72.78,0.77,12,128.79,1,-9.281895,8.447687,0.027692,1.983763,0.804246,0.014905,0.022976,0.004093,0.047192,0.012265,18.000001
1116,250426,155531.000,0,58.48337,8.810871,41.4,74.21,0.82,11,128.79,1,-4.659186,6.703412,0.177206,1.818496,1.077684,0.129258,0.120926,0.008429,0.063095,0.023359,18.000001
1124,250426,155547.000,0,58.48113,8.81245,39.7,32.74,0.78,12,191.6,1,-6.467572,8.525621,0.127109,2.419680,1.114402,0.069061,-0.106263,0.009766,0.084929,0.047957,13.000001
1144,250426,155604.000,0,58.47912,8.814422,26.4,72.91,0.77,12,179.94,1,-5.018867,8.989941,0.097766,2.085413,1.236910,0.026740,0.082539,-0.045060,0.048904,0.013410,19.000000
1151,250426,155605.000,0,58.47896,8.81461,24.9,71.59,0.83,11,146.75,1,-3.319665,5.212707,0.169746,1.245218,1.217714,0.129796,-0.070442,0.083692,0.073282,0.034456,19.000000
1165,250426,155621.000,0,58.47718,8.816797,8.9,29.08,0.78,12,194.94,1,-4.852352,17.321135,0.235253,2.157556,1.630416,-0.164475,-0.102457,0.133396,0.066504,0.064414,18.000001
1173,250426,155637.000,0,58.47745,8.817897,10.1,43.94,0.77,12,27.39,1,-6.697678,14.471862,0.069852,1.509596,1.521331,0.045794,0.008008,0.052134,0.106249,0.058038,20.000000
1187,250426,155638.000,0,58.47756,8.818006,10.0,48.82,0.77,12,27.39,1,-9.552517,5.027800,0.120586,0.933357,0.845471,0.103116,-0.062368,-0.004281,0.072480,0.038256,17.000000
1194,250426,155654.000,0,58.47875,8.820628,12.0,57.76,0.87,10,107.72,1,-8.169822,8.314900,0.139562,0.761616,0.781439,-0.090261,0.088421,-0.059265,0.044759,0.022199,18.000001
1214,250426,155711.000,0,58.47835,8.824689,9.8,43.98,0.82,11,61.03,1,-6.444029,10.862004,0.143602,2.126709,1.415708,-0.111898,0.040132,0.080559,0.068486,0.017177,18.000001
1222,250426,155727.000,0,58.47963,8.827564,3.4,60.54,0.77,12,61.03,1,-6.739892,9.623745,0.112687,1.125459,0.812774,0.080609,0.019683,-0.076244,0.037196,0.008445,20.000000
1236,250426,155728.000,0,58.47976,8.827746,3.0,60.653,0.77,12,42.99,1,-6.603839,11.734521,0.025658,0.353463,0.761661,-0.024446,0.000699,-0.007761,0.054528,0.014691,16.000000
1250,250426,155745.000,0,58.48174,8.830349,-0.3,56.83,0.78,12,16.76,1,-8.004476,10.684971,0.136772,1.345997,1.038692,0.099365,-0.078335,-0.051932,0.043342,0.009107,15.000000
1270,250426,155802.000,0,58.48403,8.831946,0.6,66.13492,0.77,12,23.95,1,-9.218008,8.743191,0.140652,1.929437,0.616142,-0.137831,-0.005404,-0.027505,0.073143,0.029888,10.000000
1277,250426,155818.000,0,58.48461,8.835484,12.7,45.89,0.77,12,23.95,1,-9.398238,11.117519,0.114308,0.528073,0.625712,0.094190,0.012042,-0.063635,0.052789,0.019287,10.000000
1298,250426,155835.000,0,58.48616,8.837198,12.3,37.02,0.78,12,60.3,1,-8.120289,11.986959,0.120263,1.481910,0.712404,0.101430,-0.043687,-0.047608,0.053793,0.015779,24.000001
1311,250426,155851.000,0,58.48766,8.83823,9.0,46.56,0.82,11,60.3,1,-8.336545,8.130224,0.169650,1.663925,0.804319,0.154346,-0.052943,-0.046426,0.039655,0.010239,26.000001
1319,250426,155852.000,0,58.48779,8.838296,8.1,45.69,0.78,12,15.17,1,-7.598188,11.676915,0.152047,1.928446,0.767287,-0.144214,0.030889,0.036970,0.046996,0.016697,22.000000
1333,250426,155908.000,0,58.489,8.840857,4.0,46.72596,0.78,12,30.87,1,-7.001359,11.674336,0.066756,0.739665,0.699980,0.065098,0.008934,-0.011785,0.034954,0.005272,18.000001
1347,250426,155924.000,0,58.49081,8.841987,-0.9,50.59,0.77,12,18.62,1,-7.413124,11.204810,0.088267,1.488894,0.775283,-0.013359,-0.085236,0.018637,0.037628,0.009345,24.000001
1355,250426,155940.000,0,58.49266,8.843153,2.2,47.77,0.77,12,18.02,1,-8.266434,11.060658,0.165607,2.445859,0.767246,0.088856,-0.010630,-0.139346,0.039387,0.010474,19.000000
1369,250426,155941.000,0,58.49277,8.843228,2.6,48.71,0.77,12,18.02,1,-8.409354,10.941507,0.046479,0.910501,0.728766,-0.017239,-0.001957,0.043119,0.038767,0.005383,23.000000
1395,250426,160013.000,0,58.49519,8.847877,14.9,41.99,0.88,11,56.03,1,-10.165013,12.204348,0.078487,0.585721,0.713330,0.039579,-0.036204,-0.057297,0.025063,0.006393,18.000001
1403,250426,160014.000,0,58.49525,8.848047,15.6,43.08,0.82,11,56.4,1,-10.496875,11.796511,0.052445,1.086149,0.671472,0.029876,-0.025564,0.034704,0.030619,0.006304,16.000000
1416,250426,160030.000,0,58.49635,8.851147,19.1,51.84,0.77,12,52.02,1,-9.095605,13.814968,0.053797,0.712314,0.659348,0.051555,-0.014969,-0.003486,0.039744,0.010962,16.000000
1430,250426,160046.000,0,58.49793,8.852141,22.1,43.2442,0.78,12,352.46,1,-10.252347,10.417473,0.102487,0.930191,0.477964,0.075803,0.037398,0.057956,0.040368,0.011115,24.000001
1438,250426,160102.000,0,58.49982,8.852814,22.9,55.3,0.78,12,33.16,1,-8.501736,13.707716,0.090358,1.936397,0.560139,-0.074555,0.050174,-0.009421,0.055062,0.019086,14.000000
1452,250426,160103.000,0,58.49994,8.852947,23.3,55.36,0.77,12,33.16,1,-6.440939,7.703326,0.073694,3.096733,0.678694,-0.021301,0.060248,0.036705,0.057329,0.021374,18.000001
1472,250426,160135.000,0,58.50387,8.853975,5.4,39.9,0.77,12,50.67,1,-6.046582,4.807432,0.084828,0.482575,0.878864,-0.083673,-0.009348,-0.010357,0.091789,0.031226,16.000000
1486,250426,160151.000,0,58.50389,8.85767,0.1,47.18,0.86,10,76.85,1,-7.046676,10.862352,0.122222,1.243124,0.738044,0.005631,-0.106920,-0.058946,0.055311,0.023730,12.000000
1494,250426,160152.000,0,58.50397,8.857862,0.4,47.48528,0.82,11,52.33,1,-7.050834,10.331916,0.123143,0.349806,0.839658,0.077186,-0.003519,-0.095886,0.062042,0.018216,14.000000
1508,250426,160208.000,0,58.50566,8.859829,-6.5,32.54,0.85,11,42.7,1,-8.222551,8.496640,0.046088,0.966969,0.631589,0.035042,-0.028863,0.007938,0.050191,0.016063,20.000000
1515,250426,160209.000,0,58.50572,8.859937,-5.1,32.6,0.77,12,46.47,1,-6.742321,6.332518,0.117038,0.573815,0.598284,0.102871,0.010636,0.054794,0.035540,0.013132,20.000000
1529,250426,160225.000,0,58.50587,8.862095,-2.3,17.82,0.83,11,169.96,1,-8.224854,9.825817,0.026866,0.928164,0.811476,0.016357,-0.012436,0.017308,0.065799,0.020794,18.000001
1543,250426,160241.000,0,58.50444,8.862045,-2.7,41.7,0.77,12,147.83,1,-8.009656,10.182121,0.154049,0.747256,0.698832,0.055244,-0.011555,0.143337,0.044609,0.012087,16.000000
1557,250426,160257.000,0,58.50334,8.864074,-4.7,42.44,0.77,12,139.16,1,-9.925284,8.177948,0.030850,0.872885,1.181722,-0.020936,-0.017310,-0.014621,0.058885,0.021270,24.000001
1564,250426,160258.000,0,58.50324,8.86398,-4.8,45.26,0.77,12,194.46,1,-9.035237,8.622364,0.042324,1.157825,1.536264,-0.019123,0.033081,0.018202,0.051927,0.011669,24.000001
1572,250426,160313.000,0,58.50153,8.86359,5.7,45.26,0.77,12,194.46,1,-9.212712,8.461532,0.026636,0.478157,1.346952,-0.013126,-0.023132,0.001439,0.044304,0.007136,24.000001
1579,250426,160314.000,0,58.50144,8.863595,6.1,38.95,0.77,12,178.65,1,-9.831385,8.749854,0.023516,0.957508,0.645087,-0.011485,-0.011278,-0.017143,0.025963,0.003858,20.000000
1587,250426,160329.000,0,58.50014,8.864092,12.2,34.0,0.79,12,178.65,1,-9.276427,11.269964,0.043595,1.164592,0.748386,-0.040087,0.005467,-0.016237,0.045438,0.008788,18.000001
1595,250426,160330.000,0,58.50007,8.864117,14.1,31.78,0.77,12,165.03,1,-9.678996,10.789121,0.053036,1.530245,0.792991,-0.003772,0.040139,0.034459,0.047295,0.010425,22.000000
1602,250426,160345.000,0,58.49984,8.865876,10.6,31.78,0.79,12,165.03,1,-8.253858,10.632213,0.092998,1.142119,0.872515,-0.050796,0.046168,0.062745,0.041124,0.008123,24.000001
1610,250426,160346.000,0,58.49981,8.866067,10.9,40.22544,0.77,12,100.68,1,-7.493374,8.295098,0.090399,1.808706,1.579224,0.085577,0.017676,0.023155,0.058574,0.015382,18.000001
1623,250426,160402.000,0,58.49932,8.869155,4.2,40.89,0.89,11,125.85,1,-6.834875,9.971766,0.075541,0.828704,1.444571,-0.003896,-0.070016,-0.028089,0.053235,0.013814,19.000000
1631,250426,160403.000,0,58.49926,8.869313,3.7,42.01,0.82,11,125.71,1,-7.668204,9.553747,0.050265,0.812198,1.459060,0.022622,-0.022377,-0.038911,0.053091,0.011791,16.000000
1639,250426,160418.000,0,58.4988,8.871317,-0.2,29.32,0.89,11,102.68,1,-7.576501,9.149136,0.030026,0.643811,0.935177,-0.007785,0.005145,-0.028539,0.042420,0.005797,16.000000
1646,250426,160419.000,0,58.49879,8.871453,-0.4,29.43,0.89,11,101.03,1,-7.480371,8.943730,0.038549,1.313619,1.528595,0.037321,-0.005373,0.008018,0.062694,0.007958,21.000001
1654,250426,160434.000,0,58.49866,8.87366,1.3,32.8,0.79,12,101.03,1,-6.745032,8.875382,0.171568,0.528003,1.529621,-0.156313,0.047784,0.052138,0.068531,0.013294,21.000001
1661,250426,160435.000,0,58.49863,8.873813,1.6,32.89,0.79,12,109.06,1,-7.158107,11.486510,0.084346,0.847201,0.679375,0.063593,-0.048103,-0.027498,0.048028,0.014652,22.000000
1675,250426,160451.000,0,58.49847,8.87618,-0.7,40.98,0.79,12,62.49,1,-5.634121,14.942727,0.239151,0.282932,0.609460,-0.237227,-0.004588,0.029925,0.083469,0.038297,8.000000
1689,250426,160507.000,0,58.4991,8.877131,4.1,35.56,0.86,11,62.49,1,-9.992971,11.777889,0.074588,0.159210,0.554592,0.071035,0.018127,-0.013741,0.054128,0.017473,19.000000
1696,250426,160508.000,0,58.49917,8.876995,4.3,38.54012,0.85,11,312.73,1,-8.968373,8.952218,0.108667,1.203736,0.625599,0.094511,0.011831,-0.052310,0.033802,0.010280,19.000000
1710,250426,160524.000,0,58.50057,8.874115,9.8,45.42,0.86,11,312.73,1,-9.152396,11.662492,0.186666,0.609357,0.540395,-0.181240,-0.026935,0.035647,0.084755,0.046606,8.000000
1724,250426,160540.000,0,58.50156,8.873809,16.9,32.67,0.86,11,345.13,1,-11.754639,8.359269,0.075655,0.589600,0.636677,-0.073753,0.007171,0.015256,0.087188,0.024985,21.000001
1732,250426,160556.000,0,58.5037,8.874932,19.5,61.51,0.79,12,359.26,1,-10.888979,10.079449,0.076664,2.934272,0.776783,-0.072082,0.018508,0.018411,0.029926,0.006328,23.000000
1745,250426,160557.000,0,58.50387,8.874948,19.0,61.49,0.79,12,359.26,1,-9.091356,10.043119,0.090021,0.828694,0.659421,0.007566,0.088033,-0.017230,0.023274,0.003796,22.000000
1753,250426,160613.000,0,58.50616,8.873541,25.5,59.15,0.82,11,342.01,1,-8.000850,11.164411,0.051848,1.837484,0.900621,-0.036962,0.036000,0.005102,0.028628,0.005192,28.000000
1767,250426,160629.000,0,58.50767,8.870381,26.9,60.56,0.82,11,283.21,1,-8.323629,11.056194,0.087285,0.752401,0.733932,0.073392,0.003321,-0.047131,0.034281,0.005186,19.000000
1781,250426,160645.000,0,58.5085,8.867121,14.8,43.59,0.83,11,283.26,1,-8.453317,6.613823,0.174777,0.869049,0.643134,-0.172673,0.018361,-0.019848,0.072011,0.048512,12.000000
1788,250426,160646.000,0,58.50861,8.867166,13.6,47.88,0.99,10,10.13,1,-6.278888,12.764100,0.242367,1.553971,0.665695,-0.184884,0.132374,0.083885,0.062368,0.047975,14.000000
1802,250426,160702.000,0,58.51057,8.86619,0.7,54.16,1.02,9,13.89,1,-6.789727,14.133815,0.170648,0.920853,0.668186,0.124680,-0.113321,-0.027089,0.052610,0.051759,8.000000
1810,250426,160703.000,0,58.51058,8.866069,0.1,22.06,1.02,9,296.38,1,-7.267101,13.405761,0.081746,1.430725,0.949072,-0.018507,0.014043,0.078375,0.083382,0.033884,10.000000
1824,250426,160719.000,0,58.50902,8.864883,-7.0,54.4,1.13,8,197.75,1,-7.879758,11.059865,0.124545,0.520478,1.252414,0.071217,-0.056545,-0.085102,0.053082,0.013240,18.000001
1831,250426,160735.000,0,58.50696,8.863265,-9.0,52.5,0.77,12,205.28,1,-7.803728,11.392370,0.077493,1.194129,1.216429,-0.023788,0.066566,0.031754,0.056016,0.010753,18.000001
1845,250426,160736.000,0,58.50685,8.863147,-8.6,51.99,0.83,11,205.28,1,-8.418143,8.338738,0.102442,1.400899,0.882109,-0.092232,0.043396,0.010218,0.049528,0.027961,17.000000
1865,250426,160808.000,0,58.50476,8.858672,-9.3,56.09,0.77,12,208.32,1,-8.616221,9.492342,0.131960,1.071205,0.707668,0.121443,0.043767,-0.027378,0.031492,0.008213,14.000000
1879,250426,160809.000,0,58.50465,8.858541,-5.4,48.0,0.8,12,208.16,1,-9.224276,7.568444,0.061705,2.235465,0.773022,-0.049586,-0.023706,0.028048,0.065543,0.021568,17.000000
1886,250426,160825.000,0,58.50389,8.855603,-1.1,46.9,0.87,10,277.44,1,-9.245240,10.043077,0.240393,1.689092,0.759382,-0.231590,0.054338,0.034676,0.053299,0.012795,23.000000
1907,250426,160842.000,0,58.50301,8.853347,8.1,52.2,0.77,12,168.17,1,-10.960536,10.521117,0.132904,0.944925,0.839067,-0.121023,0.054874,0.002410,0.049946,0.017451,20.000000
1920,250426,160858.000,0,58.50111,8.852668,18.9,53.28,0.8,12,174.92,1,-10.441853,7.663014,0.197275,1.214557,0.749862,0.186539,-0.061852,-0.017179,0.044934,0.016884,15.000000
1929,250426,160914.000,0,58.49921,8.852005,28.4,47.47,0.77,12,170.12,1,-9.173534,9.720301,0.108701,1.514271,0.772899,-0.084035,0.047052,0.050400,0.042355,0.015866,19.000000
1943,250426,160915.000,0,58.4991,8.851929,28.4,46.96,0.8,12,197.36,1,-6.959478,9.558063,0.177392,1.194862,0.936443,0.071561,0.159507,0.030079,0.047337,0.011418,21.000001
1957,250426,160931.000,0,58.4972,8.852256,19.9,46.8,0.8,12,197.36,1,-7.756936,9.313264,0.086841,1.607963,0.753689,-0.083811,0.022739,-0.000391,0.042931,0.014098,20.000000
1970,250426,160947.000,0,58.49586,8.849575,10.6,60.0,0.77,12,234.36,1,-5.260543,9.752334,0.103670,0.625185,0.953299,0.059030,0.079571,-0.030518,0.033856,0.009272,22.000000
1978,250426,161003.000,0,58.49476,8.846421,0.4,42.65,0.8,12,234.36,1,-8.343471,10.938367,0.104586,0.830331,1.425743,-0.077400,-0.057931,0.039894,0.064960,0.018780,20.000000
1992,250426,161004.000,0,58.49468,8.846285,3.2,45.03,0.84,11,234.36,1,-8.548442,14.938699,0.047331,0.189622,0.936697,-0.036316,-0.005337,0.029881,0.048033,0.011275,21.000001
2006,250426,161020.000,0,58.49329,8.843582,6.3,52.48,0.82,11,204.56,1,-7.065269,15.407906,0.027546,1.779859,0.843111,0.000854,-0.003102,-0.027357,0.022872,0.004926,25.000000
2013,250426,161036.000,0,58.49138,8.842288,1.0,52.13,0.84,11,204.56,1,-7.151710,15.459476,0.056098,1.411033,1.019482,0.001755,0.054388,-0.013633,0.028496,0.005763,23.000000
2040,250426,161053.000,0,58.48955,8.841128,9.5,50.22,0.77,12,197.43,1,-9.142470,15.316776,0.181684,1.398782,0.830492,-0.169585,0.023860,0.060666,0.053050,0.019675,29.000001
2053,250426,161109.000,0,58.48813,8.838476,9.2,50.47,0.77,12,213.88,1,-8.750693,13.693700,0.192950,0.938889,1.055559,0.188391,0.036261,0.020590,0.048029,0.011513,16.000000
2067,250426,161125.000,0,58.48634,8.837742,12.2,43.15,0.77,12,213.88,1,-9.361997,15.559161,0.147009,1.467334,0.778834,-0.145360,-0.006715,0.020903,0.053829,0.021267,11.000000
2075,250426,161126.000,0,58.48629,8.83755,12.5,45.09,0.77,12,238.13,1,-8.245759,10.956768,0.211565,1.411208,0.709965,0.197535,0.075748,0.001358,0.054446,0.027299,13.000001
2082,250426,161141.000,0,58.48486,8.836036,9.5,45.09,0.81,12,238.13,1,-7.217782,8.955886,0.074402,1.578282,0.777898,0.046679,-0.017962,-0.055082,0.063080,0.033840,16.000000
2090,250426,161142.000,0,58.48476,8.835908,8.2,48.74464,0.77,12,216.1,1,-6.399461,12.407407,0.155132,0.726918,0.860170,-0.151269,-0.022954,0.025629,0.055086,0.026500,20.000000
2104,250426,161158.000,0,58.4845,8.8323,-5.4,47.05932,1.12,8,225.72,1,-7.667821,11.331547,0.113449,1.925677,1.176393,-0.052629,-0.096990,0.026340,0.038888,0.008064,28.000000
2118,250426,161214.000,0,58.4824,8.830684,-7.6,58.51,0.77,12,201.36,1,-7.865815,10.037782,0.136485,0.891464,0.984709,0.121754,-0.032288,-0.052550,0.032540,0.006486,23.000000
2132,250426,161230.000,0,58.48022,8.829085,-8.3,55.44888,0.91,10,227.62,1,-8.493802,9.179350,0.133006,1.788842,1.166540,-0.057493,0.086633,0.082945,0.065543,0.016040,27.000000
2139,250426,161231.000,0,58.48014,8.828842,-7.9,55.69,1.05,9,233.98,1,-9.047205,7.903456,0.048135,1.466384,1.158262,0.011203,-0.034724,-0.031396,0.042371,0.008128,25.000000
2153,250426,161247.000,0,58.47871,8.825694,5.2,49.86,1.1,9,233.98,1,-9.547026,6.263830,0.260879,2.072561,1.058555,0.243694,-0.003833,-0.093038,0.047422,0.019296,22.000000
2173,250426,161304.000,0,58.47815,8.822393,13.7,48.36,0.85,11,293.05,1,-8.446542,11.873312,0.130994,1.001441,0.795674,-0.127677,-0.011681,0.026862,0.055460,0.021221,18.000001
2194,250426,161336.000,0,58.47745,8.816868,18.2,37.04,0.88,10,288.11,1,-11.239083,3.224930,0.125616,2.604029,1.186828,0.022714,-0.106562,-0.062514,0.062811,0.055901,16.000000
2207,250426,161352.000,0,58.47978,8.813813,31.5,70.84,0.8,11,294.97,1,-9.878968,5.725700,0.142397,1.883231,0.955866,0.107299,0.078287,-0.051334,0.038271,0.012140,19.000000
2215,250426,161353.000,0,58.47993,8.813662,31.9,69.45,0.8,11,333.65,1,-6.889131,6.056412,0.191958,0.933011,1.018936,-0.191736,-0.007953,-0.004684,0.066673,0.025098,17.000000
2229,250426,161409.000,0,58.48149,8.812524,36.0,45.45,0.77,12,337.65,1,-11.514661,5.399071,0.039114,0.840029,1.035222,0.032641,0.015420,-0.015055,0.091558,0.032251,22.000000
2243,250426,161410.000,0,58.4816,8.812433,4.0,80.07,0.2,12,316.63,1,-8.480855,6.694134,0.103744,0.622627,1.139062,-0.014243,0.096310,0.035836,0.033968,0.009950,27.000000
2251,250426,161425.000,0,58.48397,8.810025,41.4,80.07,0.81,12,316.63,1,-7.894397,9.414361,0.133477,1.037199,0.956003,-0.133319,0.005867,-0.002767,0.037071,0.013559,28.000000
2258,250426,161441.000,0,58.48605,8.806115,34.3,70.48,0.83,11,294.03,1,-4.991013,10.255308,0.154154,1.455309,0.875217,-0.016930,0.149505,0.033543,0.040933,0.017118,22.000000
2285,250426,161458.000,0,58.48652,8.802658,31.7,43.0,0.82,12,298.88,1,-9.347650,2.367576,0.075443,1.233856,0.914390,-0.057924,0.048226,-0.003283,0.054489,0.021469,22.000000
2305,250426,161528.000,0,58.49182,8.802874,21.2,84.98,0.77,12,4.47,1,-9.725832,2.180296,0.064016,1.320773,0.899450,-0.059504,0.023512,0.002139,0.036563,0.013353,27.000000
2312,250426,161529.000,0,58.49197,8.803144,22.5,79.47,0.77,12,36.38,1,-10.342937,4.472854,0.089104,1.290701,0.968635,-0.001882,-0.016237,-0.087592,0.041645,0.014862,19.000000
2333,250426,161545.000,0,58.49497,8.803802,43.7,78.38,0.77,12,344.82,1,-9.970058,5.199314,0.078888,1.628389,0.889638,-0.076259,-0.003343,0.019916,0.040393,0.011846,18.000001
2340,250426,161600.000,0,58.49784,8.803315,61.1,70.01,0.82,12,334.0,1,-9.385617,4.757843,0.065795,1.827504,0.654880,0.055436,-0.012473,0.033169,0.039068,0.008363,24.000001
2360,250426,161616.000,0,58.49916,8.799833,68.9,43.02,0.86,11,299.36,1,-10.138224,4.422499,0.115896,0.560725,0.705360,0.109160,-0.038916,0.001148,0.092037,0.038487,23.000000
2368,250426,161631.000,0,58.49963,8.797376,66.9,48.69,0.77,12,281.13,1,-7.532821,4.002341,0.066156,1.627487,0.617891,-0.010085,0.065346,0.002187,0.087599,0.029716,25.000000
2382,250426,161646.000,0,58.49965,8.794909,57.9,48.69,0.82,12,281.13,1,-6.600893,0.554182,0.192339,1.007014,0.609838,0.190414,0.022732,0.014837,0.073060,0.055098,21.000001
2389,250426,161647.000,0,58.49964,8.794758,57.7,30.26,0.82,12,266.62,1,-9.825969,1.591230,0.228359,3.456235,1.068548,0.163121,-0.135595,0.084575,0.074250,0.049964,25.000000
2410,250426,161703.000,0,58.50079,8.793656,59.1,44.75,0.82,12,342.21,1,-8.719946,7.680050,0.393124,2.410769,0.943895,0.380626,-0.097291,0.014314,0.087836,0.071939,20.000000
2430,250426,161733.000,0,58.49965,8.78791,52.6,98.13,0.77,12,209.81,1,-11.215686,2.517437,0.132315,1.098059,1.153624,0.083644,-0.043960,-0.092621,0.063030,0.018460,20.000000
2437,250426,161734.000,0,58.49956,8.787478,53.6,98.71,0.77,12,248.16,1,-10.446026,1.722025,0.105464,2.498369,1.143259,0.092935,0.000251,-0.049856,0.037783,0.009897,24.000001
2451,250426,161749.000,0,58.49829,8.780552,60.0,106.3,0.87,11,251.02,1,-8.986341,2.545730,0.037986,1.400102,1.020885,0.024087,-0.007747,-0.028332,0.034376,0.007579,15.000000
2459,250426,161804.000,0,58.49634,8.773924,64.8,102.74,0.92,10,251.02,1,-8.439177,2.967813,0.067731,0.842978,0.988758,0.044781,-0.050805,0.000996,0.030036,0.006956,21.000001
2473,250426,161805.000,0,58.49617,8.773545,65.2,10.0,0.92,10,229.36,1,-8.782898,2.660851,0.068980,2.005609,1.209787,-0.007972,0.044844,0.051805,0.038114,0.007269,21.000001
2487,250426,161821.000,0,58.49288,8.768693,61.5,109.35,0.77,12,211.73,1,-8.390862,0.925169,0.101803,3.184256,1.131550,0.032357,-0.003813,0.096448,0.039031,0.007499,20.000000
2501,250426,161836.000,0,58.48927,8.76448,53.1,112.86,0.77,12,211.68,1,-8.115541,0.143944,0.125766,3.762745,1.045180,0.058004,0.002001,-0.111574,0.029991,0.006224,20.000000
2508,250426,161851.000,0,58.4856,8.760174,47.5,113.7684,0.77,12,211.75,1,-7.197417,0.318483,0.151427,2.009066,1.065756,-0.147650,0.020786,0.026414,0.030426,0.007637,25.000000
2516,250426,161852.000,0,58.48535,8.759878,46.1,113.21,0.77,12,211.58,1,-6.997687,0.534229,0.075710,1.045630,1.084340,-0.012189,0.071698,0.021042,0.035135,0.008385,23.000000
2582,250426,162001.000,0,58.47221,8.742327,50.2,93.35,0.85,11,204.69,1,-8.482646,5.342776,0.040340,1.616887,1.040880,-0.002256,0.025941,-0.030810,0.030382,0.004829,24.000001
2596,250426,162002.000,0,58.472,8.74214,49.9,92.71,0.8,11,206.28,1,-8.503207,5.909487,0.050972,2.171617,1.537863,0.041760,0.008523,-0.027957,0.050743,0.010560,26.000001
2603,250426,162017.000,0,58.4692,8.738887,47.1,85.77,0.87,10,217.76,1,-8.099955,7.046846,0.065956,2.432084,1.242993,0.038062,-0.038469,-0.037704,0.042839,0.008924,24.000001
2611,250426,162032.000,0,58.46673,8.735062,45.4,82.15,0.88,11,217.76,1,-8.311147,7.310004,0.157180,3.396191,1.242042,0.049785,0.079630,-0.126040,0.043359,0.008989,22.000000
2625,250426,162033.000,0,58.46658,8.734797,45.1,82.22,0.83,11,222.02,1,-8.350053,8.198588,0.218723,2.790494,1.658855,-0.138972,0.011262,0.168522,0.059416,0.015268,24.000001
2632,250426,162048.000,0,58.46447,8.730389,39.5,84.65,0.9,11,222.02,1,-9.012827,8.461205,0.027806,1.421820,1.414012,-0.012544,-0.012467,-0.021458,0.040957,0.008615,27.000000
2640,250426,162103.000,0,58.46258,8.725255,41.2,89.72,0.83,12,238.26,1,-8.603981,8.778418,0.096318,1.837943,0.900220,-0.046487,0.082807,0.016099,0.026573,0.006529,25.000000
2654,250426,162104.000,0,58.46247,8.724912,42.8,89.95,0.83,12,238.52,1,-9.013575,7.300452,0.037439,2.473140,0.813748,-0.013605,0.034197,0.006864,0.037952,0.008851,20.000000
2661,250426,162119.000,0,58.46083,8.71984,55.6,86.67,0.83,11,237.76,1,-8.056213,7.592250,0.034246,1.866216,0.936454,-0.024062,0.013766,0.020108,0.029856,0.005771,24.000001
2682,250426,162135.000,0,58.45888,8.714691,56.5,82.06,0.77,12,229.15,1,-7.931201,8.624267,0.082239,1.313635,1.356596,-0.059420,0.002044,0.056818,0.034429,0.008299,25.000000
2696,250426,162150.000,0,58.45666,8.710709,44.9,79.93232,0.84,12,214.55,1,-9.011672,8.569148,0.040638,1.315777,1.506982,-0.008182,-0.031932,-0.023766,0.038855,0.009663,20.000000
2703,250426,162205.000,0,58.45385,8.708187,42.2,89.6,0.84,12,198.04,1,-9.169576,8.317753,0.025781,1.283284,1.373735,-0.020232,-0.013489,0.008566,0.041412,0.008528,20.000000
2717,250426,162206.000,0,58.45364,8.708054,41.8,90.83,0.77,12,198.04,1,-8.495604,6.834565,0.095921,2.252476,1.575828,0.069450,0.065358,-0.010290,0.043671,0.010047,24.000001
2725,250426,162221.000,0,58.45027,8.705918,28.2,94.32,0.77,12,204.36,1,-8.313755,6.159942,0.060036,2.389660,1.631176,0.030086,-0.014806,-0.049799,0.043533,0.009757,26.000001
2738,250426,162236.000,0,58.44759,8.701965,17.8,92.08144,0.77,12,232.0,1,-7.714137,7.644146,0.108684,1.787958,1.592818,-0.094415,0.050445,0.018800,0.044638,0.011894,23.000000
2765,250426,162253.000,0,58.44503,8.696405,29.7,90.49,0.84,12,218.49,1,-7.792943,8.171165,0.087913,3.797849,1.133484,-0.070889,-0.028083,-0.043759,0.038694,0.007688,18.000001
2773,250426,162308.000,0,58.4421,8.693307,26.6,92.65,0.89,11,202.26,1,-8.310596,8.002322,0.047561,0.983695,1.184810,-0.021758,-0.005494,0.041934,0.038322,0.007791,20.000000
2787,250426,162323.000,0,58.43869,8.69141,22.6,95.11001,0.77,12,192.75,1,-8.504997,8.175746,0.037336,3.786243,1.705911,-0.030077,-0.007762,0.020716,0.048165,0.010016,20.000000
2807,250426,162339.000,0,58.4349,8.690066,21.9,97.65,0.77,12,184.65,1,-7.726663,11.016682,0.055355,1.242610,0.989566,-0.005082,0.032212,-0.044730,0.040208,0.007702,15.000000
2827,250426,162409.000,0,58.42876,8.696452,18.3,96.57001,0.78,12,147.92,1,-7.259223,7.788876,0.125986,1.284311,1.103321,0.110915,-0.017473,-0.057140,0.039228,0.009885,18.000001
2841,250426,162410.000,0,58.42859,8.696781,17.0,96.1188,0.77,12,138.69,1,-7.456213,7.160590,0.018460,2.356834,1.602172,-0.013489,-0.005001,0.011567,0.047740,0.011069,24.000001
2861,250426,162440.000,0,58.42206,8.699772,-1.2,91.28,0.84,11,186.09,1,-7.238190,6.434067,0.100919,1.803159,1.396111,0.065397,0.074354,-0.019475,0.044922,0.011827,23.000000
2875,250426,162441.000,0,58.42184,8.699726,-1.6,91.85,0.87,10,186.09,1,-9.128812,10.518936,0.195181,2.696496,1.112169,-0.115707,-0.149880,0.047366,0.079246,0.055725,10.000000
2882,250426,162456.000,0,58.41937,8.697938,-5.8,47.76,0.85,12,257.77,1,-10.061811,12.189170,0.101541,1.752623,0.920599,-0.038594,-0.019329,-0.091910,0.091431,0.038903,16.000000
2896,250426,162511.000,0,58.41808,8.697937,13.7,53.81,0.85,12,128.47,1,-8.402302,10.192508,0.216029,2.531028,1.364576,0.134550,-0.138546,0.096799,0.063439,0.031961,24.000001
2910,250426,162526.000,0,58.41725,8.700052,8.6,42.17,0.85,12,137.3,1,-8.773434,10.516270,0.161507,3.502481,1.254138,-0.122600,-0.077986,-0.070511,0.073962,0.023711,22.000000
2924,250426,162541.000,0,58.41577,8.699906,8.7,50.11512,0.92,11,192.17,1,-8.603374,12.218932,0.086667,1.700288,0.988779,-0.040745,0.039542,0.065478,0.042730,0.009694,19.000000
2932,250426,162556.000,0,58.41367,8.699152,10.2,53.36,0.85,12,191.63,1,-7.906115,12.295964,0.083831,0.737981,0.924815,-0.009996,0.067346,0.048910,0.036629,0.008304,19.000000
2945,250426,162557.000,0,58.41355,8.69911,10.4,52.24,0.85,12,191.56,1,-7.217410,12.258706,0.161860,2.688100,0.949741,0.049756,-0.148336,-0.041466,0.033248,0.006827,22.000000
2959,250426,162612.000,0,58.41204,8.69849,10.5,29.33,0.79,13,191.56,1,-4.835430,11.784654,0.069864,1.642658,0.951712,-0.023429,0.034423,0.056099,0.041131,0.012178,20.000000
2973,250426,162627.000,0,58.41063,8.697653,2.7,24.6,0.68,14,200.93,1,-9.653194,12.164096,0.101338,1.162598,0.672192,-0.085702,-0.006333,0.053707,0.052146,0.014834,16.000000
2987,250426,162642.000,0,58.40938,8.696975,-1.5,56.17,0.67,14,201.61,1,-9.123131,11.270107,0.060943,2.601008,0.872170,-0.021592,-0.048330,-0.030200,0.034991,0.007086,24.000001
3001,250426,162657.000,0,58.40713,8.696283,10.6,53.48576,0.75,12,188.45,1,-8.437807,11.158067,0.065785,1.989045,0.652194,0.003721,0.059862,0.027027,0.022827,0.003771,18.000001
3015,250426,162712.000,0,58.40511,8.69652,4.5,59.74,0.72,13,180.41,1,-8.135925,10.700272,0.045751,1.631637,0.641843,0.006474,-0.027629,-0.035887,0.023803,0.004098,18.000001
3035,250426,162728.000,0,58.40293,8.695236,-0.4,59.04,0.8,12,203.72,1,-6.355378,9.191645,0.043727,1.021774,0.666300,0.019805,0.033546,-0.019860,0.034655,0.006957,25.000000
3049,250426,162743.000,0,58.40111,8.694283,1.7,35.4,0.67,14,196.96,1,-9.760184,10.500735,0.069311,0.550716,0.783692,-0.051495,-0.046390,-0.000501,0.075200,0.023398,21.000001
3063,250426,162758.000,0,58.39964,8.693905,1.0,55.45,0.72,13,197.88,1,-9.576040,10.624738,0.073706,1.260512,0.740441,-0.065815,-0.032694,-0.005654,0.026887,0.004216,19.000000
3077,250426,162813.000,0,58.39777,8.692188,-3.2,58.98,0.67,14,212.46,1,-8.964067,12.726194,0.112596,1.237001,0.880030,-0.096516,0.021549,0.053835,0.030183,0.005838,22.000000
3091,250426,162828.000,0,58.39585,8.690612,6.2,55.8,0.67,14,180.82,1,-8.699620,12.934545,0.092356,1.074461,0.723105,0.051233,0.066817,0.037950,0.028922,0.004904,18.000001
3105,250426,162843.000,0,58.39378,8.691468,1.8,58.21,0.8,13,182.63,1,-9.698297,11.254643,0.037335,1.279243,0.945076,0.003846,0.037125,0.000920,0.034392,0.007357,19.000000
3119,250426,162858.000,0,58.39174,8.690275,4.2,60.13,0.73,13,182.63,1,-8.785805,10.560750,0.015164,1.414477,0.716441,-0.000142,0.014783,-0.003373,0.025286,0.004239,20.000000
3126,250426,162859.000,0,58.3916,8.690125,2.9,59.76,0.79,12,206.1,1,-8.367807,10.600518,0.095803,0.651682,0.944272,-0.009118,0.052202,0.079813,0.032220,0.005328,16.000000
3140,250426,162914.000,0,58.38977,8.687411,4.4,57.46,0.73,13,219.65,1,-8.847177,11.477908,0.036322,1.007544,0.758087,-0.032982,-0.013823,0.006356,0.033422,0.007038,22.000000
3154,250426,162929.000,0,58.38836,8.684408,6.4,57.39,0.68,14,224.97,1,-9.097716,10.759927,0.030128,1.027874,0.829403,-0.020179,0.020283,-0.009438,0.037216,0.006586,23.000000
3168,250426,162944.000,0,58.38691,8.68123,2.2,57.41,0.67,14,241.16,1,-8.637382,12.955841,0.079103,1.326146,0.780658,-0.026099,-0.030905,0.067977,0.037129,0.005363,24.000001
3188,250426,163000.000,0,58.38539,8.67826,1.9,56.82,0.68,14,208.08,1,-10.121111,12.453123,0.088004,0.572384,0.818410,-0.075328,0.029472,0.034666,0.023256,0.003979,19.000000
3202,250426,163015.000,0,58.3835,8.67632,14.8,53.86,0.67,14,208.08,1,-8.017601,11.515627,0.179254,1.658108,0.720820,0.161673,-0.077421,-0.000379,0.089458,0.044061,12.000000
3216,250426,163030.000,0,58.3824,8.676133,23.7,26.6,0.67,14,158.6,1,-9.596454,10.584190,0.157292,4.197417,0.920300,-0.057130,-0.034610,0.142405,0.043141,0.009108,17.000000
3230,250426,163045.000,0,58.38149,8.676295,28.1,22.15,0.81,13,173.7,1,-9.635321,11.504045,0.772275,8.667538,3.005808,-0.528483,0.151359,0.542406,0.133876,0.045710,22.000000
3244,250426,163100.000,0,58.38057,8.67635,28.7,16.71,0.69,14,192.34,1,-7.246534,12.243474,0.133235,1.468952,1.762897,0.123512,-0.012025,-0.048494,0.110879,0.026628,19.000000
3257,250426,163115.000,0,58.38031,8.676823,24.2,7.82,0.71,13,138.44,1,-6.277170,12.285761,0.063000,0.638576,0.515999,-0.009622,-0.062261,0.000061,0.066462,0.014334,15.000000
3278,250426,163131.000,0,58.38029,8.676841,25.0,1.71,0.77,12,102.82,1,-9.837088,12.939361,0.046788,0.178902,0.337383,0.009391,-0.045630,-0.004346,0.043376,0.005947,17.000000
3291,250426,163146.000,0,58.38035,8.676795,25.6,3.00024,0.79,11,259.75,1,-11.339710,11.094973,0.027492,0.074598,0.282475,0.014111,-0.023558,0.001305,0.018567,0.002520,14.000000
