Time,UTC Time,Label,Latitude,Longitude,Altitude,Speed,HDOP,Satelites,Course,Fix,Accel UTC,Roll Degrees,Pitch Degrees,Dynamic Magnitude,Jerk,Jerk Std,Acceleration X,Acceleration Y,Acceleration Z,Standard Deviation,Energy,Zero Crossings
2026-05-19T21:47:35.986948,190526_175950.000000,1,58.38045120239258,8.675681114196777,39.5,0.0,0.6899999976158142,13,13.970000267028809,1,190526_194716.984375,1.3274996280670166,-1.4402656555175781,0.0037143765948712826,0.26263701915740967,0.06205165386199951,0.0033941587898880243,-0.001411278499290347,-0.0005334534798748791,0.0018591133411973715,1.4843481039861217e-05,23.0
2026-05-19T21:47:38.940901,190526_175959.015625,1,58.38045120239258,8.675681114196777,39.5,0.0,0.7699999809265137,11,13.970000267028809,1,190526_194735.015625,1.341838002204895,-1.3416849374771118,0.006279246415942907,0.1061994805932045,0.06701996922492981,-0.00511632114648819,0.0015368141466751695,0.0033000605180859566,0.0028520587366074324,2.9832024665665813e-05,21.0
2026-05-19T21:47:41.961359,190526_180000.000000,1,58.38045120239258,8.675681114196777,39.5,0.0,0.7300000190734863,12,13.970000267028809,1,190526_194735.015625,1.957517147064209,-1.4735623598098755,0.09922836720943451,0.19701549410820007,0.285042405128479,0.02495197206735611,0.09569663554430008,0.00811306107789278,0.03274041414260864,0.001409541117027402,19.0
2026-05-19T21:47:45.017041,190526_180010.000000,1,58.38045120239258,8.675461769104004,37.79999923706055,4.239999771118164,0.6700000166893005,14,13.970000267028809,1,190526_194736.000000,2.7335822582244873,-1.1391574144363403,0.08507197350263596,0.9331234097480774,0.44819286465644836,-0.007137748412787914,0.0773208811879158,-0.034753039479255676,0.03939812257885933,0.0026910093147307634,17.0
2026-05-19T21:47:48.103201,190526_180020.000000,1,58.38045120239258,8.675195693969727,39.099998474121094,4.929999828338623,0.6700000166893005,14,13.970000267028809,1,190526_194736.000000,1.54448664188385,-0.6166691780090332,0.17289793491363525,0.5805644392967224,0.450155109167099,-0.03687726706266403,-0.16884620487689972,0.004972263239324093,0.05588637292385101,0.006410283036530018,17.0
2026-05-19T21:47:51.131791,190526_180028.984375,1,58.38045883178711,8.674956321716309,42.79999923706055,5.25,0.6700000166893005,14,13.970000267028809,1,190526_194736.000000,-1.1069602966308594,-2.643815040588379,0.16796697676181793,2.562095880508423,0.9102588295936584,-0.057302892208099365,-0.15645208954811096,0.02126101590692997,0.0790189653635025,0.02067374996840954,17.0
2026-05-19T21:47:51.132115,190526_180028.984375,1,58.38045883178711,8.674956321716309,42.79999923706055,5.25,0.6700000166893005,14,13.970000267028809,1,190526_194736.000000,-1.1069602966308594,-2.643815040588379,0.16796697676181793,2.562095880508423,0.9102588295936584,-0.057302892208099365,-0.15645208954811096,0.02126101590692997,0.0790189653635025,0.02067374996840954,17.0
2026-05-19T21:47:51.132259,190526_180028.984375,1,58.38045883178711,8.674956321716309,42.79999923706055,5.25,0.6700000166893005,14,13.970000267028809,1,190526_194736.000000,-1.1069602966308594,-2.643815040588379,0.16796697676181793,2.562095880508423,0.9102588295936584,-0.057302892208099365,-0.15645208954811096,0.02126101590692997,0.0790189653635025,0.02067374996840954,17.0
2026-05-19T21:47:51.136457,190526_180028.984375,1,58.38045883178711,8.674956321716309,42.79999923706055,5.25,0.6700000166893005,14,13.970000267028809,1,190526_194736.000000,-1.1069602966308594,-2.643815040588379,0.16796697676181793,2.562095880508423,0.9102588295936584,-0.057302892208099365,-0.15645208954811096,0.02126101590692997,0.0790189653635025,0.02067374996840954,17.0
2026-05-19T21:47:54.115829,190526_180038.000000,1,58.38045120239258,8.674747467041016,44.0,5.199999809265137,0.6700000166893005,14,13.970000267028809,1,190526_194736.000000,-0.27221670746803284,-2.407029151916504,0.10810311138629913,0.617850124835968,0.9192400574684143,0.011859379708766937,0.10633039474487305,0.015475311316549778,0.07371903955936432,0.021291611716151237,19.0
2026-05-19T21:47:57.174612,190526_180039.015625,1,58.38045883178711,8.674723625183105,44.20000076293945,5.099999904632568,0.6700000166893005,14,13.970000267028809,1,190526_194736.000000,2.5536460876464844,-2.2426998615264893,0.19750800728797913,0.4386754631996155,1.102908968925476,-0.005925592966377735,0.19727081060409546,0.007650860119611025,0.0693526491522789,0.02882011979818344,21.0
2026-05-19T21:48:00.223445,190526_180047.015625,1,58.38045120239258,8.67453670501709,43.900001525878906,4.690000057220459,0.7799999713897705,13,13.970000267028809,1,190526_194736.000000,3.413031578063965,-2.1096248626708984,0.019329536706209183,0.27318981289863586,1.13143789768219,-0.017504949122667313,0.008193930611014366,-0.0002593596000224352,0.06816904246807098,0.01777823083102703,23.0
2026-05-19T21:48:03.284357,190526_180048.000000,1,58.38045120239258,8.674511909484863,43.900001525878906,4.619999885559082,0.7799999713897705,13,13.970000267028809,1,190526_194736.000000,2.397610664367676,-1.9536534547805786,0.09517339617013931,0.1727302521467209,0.9006116986274719,-0.012316855601966381,-0.0941084548830986,-0.0070618861354887486,0.060585662722587585,0.013358444906771183,23.0
2026-05-19T21:48:06.372032,190526_180056.000000,1,58.38045120239258,8.674311637878418,43.5,4.949999809265137,0.6700000166893005,14,13.970000267028809,1,190526_194755.015625,-1.6593987941741943,2.119425058364868,0.27534353733062744,2.0052454471588135,0.6673980355262756,-0.18550702929496765,-0.20337490737438202,0.006312385201454163,0.13200643658638,0.04367438331246376,21.0
2026-05-19T21:48:09.461105,190526_180104.984375,1,58.38045883178711,8.67408561706543,43.79999923706055,5.190000057220459,0.7099999785423279,13,13.970000267028809,1,190526_194755.015625,-2.6308043003082275,2.5125553607940674,0.1606094390153885,0.36581170558929443,0.6345039010047913,-0.06347139179706573,-0.1427043229341507,0.03744659572839737,0.13093827664852142,0.04310904070734978,19.0
2026-05-19T21:48:12.431500,190526_180112.984375,1,58.3804817199707,8.673909187316895,43.0,5.190000057220459,0.6700000166893005,14,13.970000267028809,1,190526_194756.000000,-3.7764344215393066,1.4839602708816528,0.14988520741462708,1.9301072359085083,0.8411118388175964,0.14525821805000305,-0.031671736389398575,0.019040171056985855,0.12487591058015823,0.0437905490398407,21.0
2026-05-19T21:48:15.502755,190526_180114.000000,1,58.3804817199707,8.673885345458984,42.900001525878906,4.409999847412109,0.6899999976158142,13,13.970000267028809,1,190526_194756.000000,-3.551799774169922,0.8639862537384033,0.03903661295771599,0.9313879013061523,1.0313501358032227,0.012333524413406849,0.036829251796007156,0.00391760841012001,0.1222374215722084,0.04485296085476875,23.0
2026-05-19T21:48:18.482250,190526_180122.000000,1,58.380489349365234,8.673712730407715,42.5,4.519999980926514,0.6700000166893005,14,13.970000267028809,1,190526_194756.000000,-3.2101938724517822,0.06082530692219734,0.03905120864510536,1.3527522087097168,1.075551986694336,0.027113400399684906,-0.027544889599084854,0.005580276250839233,0.06925903260707855,0.017338549718260765,29.0
2026-05-19T21:48:21.500871,190526_180123.015625,1,58.38050079345703,8.67369270324707,42.5,4.429999828338623,0.6700000166893005,14,13.970000267028809,1,190526_194814.000000,-2.400923728942871,-0.36036232113838196,0.11097756028175354,2.3280189037323,1.057206392288208,-0.05954359844326973,0.06699951738119125,-0.0654342770576477,0.03936490789055824,0.007457164116203785,28.0
2026-05-19T21:48:24.557736,190526_180131.015625,1,58.38053894042969,8.673542976379395,43.599998474121094,3.930000066757202,0.6700000166893005,14,13.970000267028809,1,190526_194814.000000,-1.4995534420013428,-0.8045350909233093,0.06879692524671555,1.6166064739227295,1.0882941484451294,0.04966958239674568,0.032794542610645294,-0.03450314328074455,0.03794770687818527,0.0077422671020030975,26.0
2026-05-19T21:48:27.713988,190526_180132.000000,1,58.38053894042969,8.673526763916016,43.599998474121094,3.759999990463257,0.6700000166893005,14,13.970000267028809,1,190526_194815.015625,-0.8306061029434204,-1.223006248474121,0.08273366838693619,1.1839693784713745,0.9151506423950195,0.026497457176446915,0.07583257555961609,0.01980316825211048,0.03206314891576767,0.007513193413615227,24.0
2026-05-19T21:48:27.714276,190526_180132.000000,1,58.38053894042969,8.673526763916016,43.599998474121094,3.759999990463257,0.6700000166893005,14,13.970000267028809,1,190526_194815.015625,-0.8306061029434204,-1.223006248474121,0.08273366838693619,1.1839693784713745,0.9151506423950195,0.026497457176446915,0.07583257555961609,0.01980316825211048,0.03206314891576767,0.007513193413615227,24.0
2026-05-19T21:48:27.714538,190526_180132.000000,1,58.38053894042969,8.673526763916016,43.599998474121094,3.759999990463257,0.6700000166893005,14,13.970000267028809,1,190526_194815.015625,-0.8306061029434204,-1.223006248474121,0.08273366838693619,1.1839693784713745,0.9151506423950195,0.026497457176446915,0.07583257555961609,0.01980316825211048,0.03206314891576767,0.007513193413615227,24.0
2026-05-19T21:48:30.771357,190526_180140.000000,1,58.38058090209961,8.673331260681152,44.20000076293945,4.190000057220459,0.6700000166893005,14,13.970000267028809,1,190526_194815.015625,0.021603085100650787,-1.6554182767868042,0.14075469970703125,1.1507668495178223,0.8101638555526733,0.08291704207658768,0.11361908167600632,-0.005230227019637823,0.030499016866087914,0.007611412554979324,22.0
2026-05-19T21:48:33.729938,190526_180158.000000,1,58.380680084228516,8.672924995422363,47.099998474121094,4.670000076293945,0.6700000166893005,14,13.970000267028809,1,190526_194815.015625,0.31050485372543335,-2.063565969467163,0.06946416199207306,1.646644949913025,0.9765965342521667,0.050725094974040985,0.008151412010192871,-0.04675242677330971,0.03315146267414093,0.007595791947096586,24.0
2026-05-19T21:48:36.746521,190526_180207.015625,1,58.380741119384766,8.672734260559082,49.0,5.019999980926514,0.6899999976158142,13,13.970000267028809,1,190526_194832.984375,-0.14168687164783478,-1.9171911478042603,0.1142481192946434,1.3237693309783936,1.0677577257156372,0.00716358982026577,-0.09899129718542099,0.05658656731247902,0.044168032705783844,0.00908407662063837,22.0
2026-05-19T21:48:39.793657,190526_180208.000000,1,58.380741119384766,8.67271614074707,49.20000076293945,4.909999847412109,0.6899999976158142,13,13.970000267028809,1,190526_194832.984375,-0.6590944528579712,-1.9449496269226074,0.032298773527145386,0.7237977981567383,1.0591986179351807,0.025990299880504608,-0.013335044495761395,0.013780121691524982,0.0454162061214447,0.008523024618625641,26.0
2026-05-19T21:48:39.793901,190526_180208.000000,1,58.380741119384766,8.67271614074707,49.20000076293945,4.909999847412109,0.6899999976158142,13,13.970000267028809,1,190526_194832.984375,-0.6590944528579712,-1.9449496269226074,0.032298773527145386,0.7237977981567383,1.0591986179351807,0.025990299880504608,-0.013335044495761395,0.013780121691524982,0.0454162061214447,0.008523024618625641,26.0
2026-05-19T21:48:39.794191,190526_180208.000000,1,58.380741119384766,8.67271614074707,49.20000076293945,4.909999847412109,0.6899999976158142,13,13.970000267028809,1,190526_194832.984375,-0.6590944528579712,-1.9449496269226074,0.032298773527145386,0.7237977981567383,1.0591986179351807,0.025990299880504608,-0.013335044495761395,0.013780121691524982,0.0454162061214447,0.008523024618625641,26.0
2026-05-19T21:48:39.819282,190526_180208.000000,1,58.380741119384766,8.67271614074707,49.20000076293945,4.909999847412109,0.6899999976158142,13,13.970000267028809,1,190526_194832.984375,-0.6590944528579712,-1.9449496269226074,0.032298773527145386,0.7237977981567383,1.0591986179351807,0.025990299880504608,-0.013335044495761395,0.013780121691524982,0.0454162061214447,0.008523024618625641,26.0
2026-05-19T21:48:42.950471,190526_180216.000000,1,58.38077926635742,8.672561645507812,50.599998474121094,4.449999809265137,0.7099999785423279,13,13.970000267028809,1,190526_194834.000000,-0.6240484714508057,-1.6289880275726318,0.0888337790966034,1.8636046648025513,1.1251235008239746,-0.0699666365981102,0.0521392785012722,0.016661513596773148,0.044960867613554,0.007651729974895716,28.0
2026-05-19T21:48:46.089241,190526_180216.984375,1,58.38079071044922,8.6725435256958,50.400001525878906,4.420000076293945,0.6899999976158142,13,13.970000267028809,1,190526_194834.000000,-0.2827857732772827,-1.4635392427444458,0.01263748575001955,1.7435078620910645,0.992150068283081,4.325293411966413e-05,0.005933792795985937,-0.011157701723277569,0.04342234879732132,0.007301295176148415,28.0
2026-05-19T21:48:48.978568,190526_180227.015625,1,58.38085174560547,8.67233657836914,51.099998474121094,4.610000133514404,0.6700000166893005,14,13.970000267028809,1,190526_194834.000000,-0.9844626188278198,-1.1008890867233276,0.11438491940498352,2.833085060119629,0.933292031288147,-0.08963848650455475,-0.06914035975933075,0.016384869813919067,0.028599923476576805,0.005049178376793861,27.0
2026-05-19T21:48:51.979590,190526_180236.000000,1,58.380889892578125,8.672163009643555,49.79999923706055,5.059999942779541,0.7799999713897705,13,13.970000267028809,1,190526_194835.015625,-0.8408443331718445,-1.9430551528930664,0.07156893610954285,1.5464974641799927,0.9643532633781433,0.01040255930274725,0.019031191244721413,0.06820347160100937,0.023417280986905098,0.004560480825603008,23.0
2026-05-19T21:48:55.029506,190526_180236.984375,1,58.38090896606445,8.672138214111328,49.79999923706055,5.139999866485596,0.699999988079071,13,13.970000267028809,1,190526_194835.015625,-1.6184682846069336,-2.153522253036499,0.059012170881032944,1.517781376838684,0.9849352836608887,-0.0024027402978390455,-0.05737343430519104,0.013599724508821964,0.02609255537390709,0.005421753972768784,21.0
2026-05-19T21:48:58.123183,190526_180244.984375,1,58.38092041015625,8.671948432922363,51.0,4.739999771118164,0.6899999976158142,13,13.970000267028809,1,190526_194835.015625,-1.1762281656265259,-2.3770413398742676,0.05796021595597267,0.6198891997337341,1.039731740951538,0.013134057633578777,0.055591046810150146,-0.00982437189668417,0.02699640579521656,0.006010878831148148,19.0
2026-05-19T21:49:01.174390,190526_180246.000000,1,58.38092041015625,8.671924591064453,51.400001525878906,4.78000020980835,0.6899999976158142,13,13.970000267028809,1,190526_194835.015625,-0.4396849572658539,-2.401156187057495,0.03802848979830742,1.2240941524505615,1.047585368156433,-0.030291590839624405,0.02270394377410412,-0.0036216597072780132,0.025759931653738022,0.006829041987657547,19.0
2026-05-19T21:49:04.160894,190526_180255.015625,1,58.3809814453125,8.671744346618652,51.0,4.900000095367432,0.6899999976158142,13,13.970000267028809,1,190526_194852.984375,0.11770167946815491,-2.2271173000335693,0.10530543327331543,3.375109910964966,1.125993251800537,0.03407613933086395,0.05709894746541977,0.08165635913610458,0.02578684501349926,0.006746198050677776,19.0
2026-05-19T21:49:04.161228,190526_180255.015625,1,58.3809814453125,8.671744346618652,51.0,4.900000095367432,0.6899999976158142,13,13.970000267028809,1,190526_194852.984375,0.11770167946815491,-2.2271173000335693,0.10530543327331543,3.375109910964966,1.125993251800537,0.03407613933086395,0.05709894746541977,0.08165635913610458,0.02578684501349926,0.006746198050677776,19.0
2026-05-19T21:49:04.161616,190526_180255.015625,1,58.3809814453125,8.671744346618652,51.0,4.900000095367432,0.6899999976158142,13,13.970000267028809,1,190526_194852.984375,0.11770167946815491,-2.2271173000335693,0.10530543327331543,3.375109910964966,1.125993251800537,0.03407613933086395,0.05709894746541977,0.08165635913610458,0.02578684501349926,0.006746198050677776,19.0
2026-05-19T21:49:04.252542,190526_180255.015625,1,58.3809814453125,8.671744346618652,51.0,4.900000095367432,0.6899999976158142,13,13.970000267028809,1,190526_194852.984375,0.11770167946815491,-2.2271173000335693,0.10530543327331543,3.375109910964966,1.125993251800537,0.03407613933086395,0.05709894746541977,0.08165635913610458,0.02578684501349926,0.006746198050677776,19.0
2026-05-19T21:49:07.319810,190526_180256.000000,1,58.3809814453125,8.671725273132324,51.20000076293945,4.880000114440918,0.6700000166893005,14,13.970000267028809,1,190526_194852.984375,0.11597632616758347,-2.045564889907837,0.0757092759013176,2.285033941268921,1.0801101922988892,0.03268112242221832,-0.03913654386997223,0.05596579611301422,0.02631944604218006,0.005513323005288839,21.0
2026-05-19T21:49:10.276577,190526_180306.000000,1,58.381019592285156,8.671527862548828,52.900001525878906,4.599999904632568,0.6700000166893005,14,13.970000267028809,1,190526_194852.984375,-0.23606576025485992,-1.6927763223648071,0.04972727224230766,0.6947012543678284,1.0757156610488892,-0.035887837409973145,0.02724357694387436,0.02103930152952671,0.0276857390999794,0.00477994279935956,23.0
2026-05-19T21:49:13.358248,190526_180314.000000,1,58.381038665771484,8.671358108520508,54.5,4.889999866485596,0.6700000166893005,14,88.0,1,190526_194854.000000,0.08244116604328156,-1.516852617263794,0.027949273586273193,1.8120653629302979,1.085679054260254,0.021844688802957535,0.010974151082336903,0.013547672890126705,0.025082560256123543,0.004287489224225283,21.0
2026-05-19T21:49:16.432190,190526_180315.015625,1,58.38105010986328,8.671334266662598,54.5,4.940000057220459,0.6700000166893005,14,88.0,1,190526_194854.000000,-0.08145411312580109,-1.3640116453170776,0.027693405747413635,1.1683504581451416,1.0723680257797241,-0.024623950943350792,0.007732866797596216,-0.010039351880550385,0.02518024854362011,0.004235772881656885,23.0
2026-05-19T21:49:19.511628,190526_180324.000000,1,58.38108825683594,8.671125411987305,54.099998474121094,5.130000114440918,0.6700000166893005,14,88.0,1,190526_194854.000000,0.023527370765805244,-1.4262468814849854,0.1146523654460907,2.239954948425293,1.0268770456314087,-0.08711255341768265,0.018029477447271347,-0.07232915610074997,0.02438853681087494,0.004220821429044008,21.0
2026-05-19T21:49:19.511876,190526_180324.000000,1,58.38108825683594,8.671125411987305,54.099998474121094,5.130000114440918,0.6700000166893005,14,88.0,1,190526_194854.000000,0.023527370765805244,-1.4262468814849854,0.1146523654460907,2.239954948425293,1.0268770456314087,-0.08711255341768265,0.018029477447271347,-0.07232915610074997,0.02438853681087494,0.004220821429044008,21.0
2026-05-19T21:49:19.512075,190526_180324.000000,1,58.38108825683594,8.671125411987305,54.099998474121094,5.130000114440918,0.6700000166893005,14,88.0,1,190526_194854.000000,0.023527370765805244,-1.4262468814849854,0.1146523654460907,2.239954948425293,1.0268770456314087,-0.08711255341768265,0.018029477447271347,-0.07232915610074997,0.02438853681087494,0.004220821429044008,21.0
2026-05-19T21:49:19.534364,190526_180324.000000,1,58.38108825683594,8.671125411987305,54.099998474121094,5.130000114440918,0.6700000166893005,14,88.0,1,190526_194854.000000,0.023527370765805244,-1.4262468814849854,0.1146523654460907,2.239954948425293,1.0268770456314087,-0.08711255341768265,0.018029477447271347,-0.07232915610074997,0.02438853681087494,0.004220821429044008,21.0
2026-05-19T21:49:22.499698,190526_180324.984375,1,58.38108825683594,8.671099662780762,54.20000076293945,5.119999885559082,0.6700000166893005,14,88.0,1,190526_194854.000000,0.26960304379463196,-1.2956029176712036,0.026614176109433174,0.8603289127349854,1.000227689743042,-0.014086957089602947,0.0188957117497921,-0.012362202629446983,0.026353687047958374,0.0038738646544516087,19.0
2026-05-19T21:49:25.480411,190526_180334.000000,1,58.381141662597656,8.670945167541504,55.099998474121094,4.309999942779541,0.6700000166893005,14,88.0,2,190526_194912.984375,0.03276897594332695,-1.421861171722412,0.06940695643424988,1.309463381767273,1.100805401802063,-0.035030245780944824,-0.03419181704521179,0.04920494556427002,0.02743147872388363,0.003969633020460606,24.0
2026-05-19T21:49:28.623936,190526_180335.015625,1,58.38114929199219,8.67093276977539,55.29999923706055,4.03000020980835,0.6700000166893005,14,88.0,2,190526_194912.984375,-0.5120258927345276,-0.7662791013717651,0.019492805004119873,1.1136964559555054,1.1986587047576904,-0.016273437067866325,-0.001738816499710083,0.010588736273348331,0.03487549349665642,0.005405272822827101,20.0
2026-05-19T21:49:31.692601,190526_180344.000000,1,58.381168365478516,8.670758247375488,54.0,3.4000000953674316,0.6700000166893005,14,88.0,1,190526_194912.984375,-0.6005324125289917,-1.155624508857727,0.044031303375959396,1.3437634706497192,1.060281753540039,0.000434185320045799,-0.021476848050951958,0.03843582049012184,0.033302728086709976,0.004769482184201479,22.0
2026-05-19T21:49:31.692878,190526_180344.000000,1,58.381168365478516,8.670758247375488,54.0,3.4000000953674316,0.6700000166893005,14,88.0,1,190526_194912.984375,-0.6005324125289917,-1.155624508857727,0.044031303375959396,1.3437634706497192,1.060281753540039,0.000434185320045799,-0.021476848050951958,0.03843582049012184,0.033302728086709976,0.004769482184201479,22.0
2026-05-19T21:49:31.693079,190526_180344.000000,1,58.381168365478516,8.670758247375488,54.0,3.4000000953674316,0.6700000166893005,14,88.0,1,190526_194912.984375,-0.6005324125289917,-1.155624508857727,0.044031303375959396,1.3437634706497192,1.060281753540039,0.000434185320045799,-0.021476848050951958,0.03843582049012184,0.033302728086709976,0.004769482184201479,22.0
2026-05-19T21:49:31.716252,190526_180344.000000,1,58.381168365478516,8.670758247375488,54.0,3.4000000953674316,0.6700000166893005,14,88.0,1,190526_194912.984375,-0.6005324125289917,-1.155624508857727,0.044031303375959396,1.3437634706497192,1.060281753540039,0.000434185320045799,-0.021476848050951958,0.03843582049012184,0.033302728086709976,0.004769482184201479,22.0
2026-05-19T21:49:34.819629,190526_180352.984375,1,58.38119125366211,8.67057991027832,53.70000076293945,3.619999885559082,0.6700000166893005,14,88.0,1,190526_194914.000000,-0.23932009935379028,-1.2242753505706787,0.034690067172050476,2.123145341873169,1.0837175846099854,0.021670470014214516,0.023238440975546837,0.01392000075429678,0.03281748294830322,0.005243247840553522,24.0
2026-05-19T21:49:37.729775,190526_180354.000000,1,58.38119125366211,8.670557022094727,53.5,3.630000114440918,0.6700000166893005,14,88.0,1,190526_194914.000000,0.04617947340011597,-1.338067650794983,0.056161463260650635,1.150974988937378,1.0394002199172974,0.03236386924982071,0.04410715401172638,-0.01269837748259306,0.033330317586660385,0.005126820877194405,22.0
2026-05-19T21:49:40.759949,190526_180402.000000,1,58.381229400634766,8.6703519821167,54.29999923706055,3.9700000286102295,0.6700000166893005,14,88.0,1,190526_194932.000000,0.1441226452589035,-1.3312137126922607,0.09637247771024704,3.0167899131774902,1.0362532138824463,-0.058944761753082275,0.0003294132184237242,0.07624343037605286,0.029160110279917717,0.004580486100167036,24.0
2026-05-19T21:49:43.771217,190526_180403.015625,1,58.381229400634766,8.670330047607422,54.29999923706055,4.039999961853027,0.6700000166893005,14,88.0,1,190526_194932.000000,-0.13787783682346344,-1.362533450126648,0.08028793334960938,1.5435384511947632,1.0276457071304321,-0.02602873183786869,-0.031849201768636703,-0.0689513310790062,0.027011850848793983,0.004499503411352634,24.0
2026-05-19T21:49:46.801416,190526_180412.000000,1,58.38127899169922,8.670149803161621,54.79999923706055,3.7699999809265137,0.6700000166893005,14,88.0,1,190526_194932.000000,0.30974501371383667,-1.4598209857940674,0.053415749222040176,1.156304955482483,1.0276137590408325,-0.0413317009806633,0.03138599544763565,-0.012643267400562763,0.02561970055103302,0.004678528755903244,18.0
2026-05-19T21:49:49.960209,190526_180412.984375,1,58.381290435791016,8.670133590698242,54.79999923706055,3.6600000858306885,0.6700000166893005,14,88.0,1,190526_194932.984375,0.7572552561759949,-1.5869816541671753,0.03521543741226196,0.9873018860816956,0.9363126754760742,0.012738543562591076,0.03205899894237518,0.007076541893184185,0.023035038262605667,0.0045024030841887,20.0
2026-05-19T21:49:52.979841,190526_180420.984375,1,58.38132858276367,8.669989585876465,55.900001525878906,4.070000171661377,0.6700000166893005,14,88.0,1,190526_194932.984375,1.0177639722824097,-1.73627507686615,0.061814986169338226,0.9581785202026367,0.8896028399467468,0.04243500158190727,0.03914918005466461,0.022084049880504608,0.019842423498630524,0.00425837654620409,20.0
2026-05-19T21:49:55.967010,190526_180431.015625,1,58.381351470947266,8.669795036315918,60.400001525878906,3.9600000381469727,0.6700000166893005,14,88.0,1,190526_194951.015625,1.1645402908325195,-1.7432334423065186,0.033142801374197006,1.0394484996795654,0.8205670118331909,0.0038108681328594685,-0.03270521014928818,0.00378044624812901,0.022849755361676216,0.0036284977104514837,22.0
2026-05-19T21:49:59.022466,190526_180432.000000,1,58.381351470947266,8.669783592224121,60.599998474121094,4.170000076293945,0.6700000166893005,14,88.0,1,190526_194951.015625,0.9597053527832031,-2.195615291595459,0.05108792707324028,2.1472737789154053,0.7976208329200745,-0.005255056545138359,-0.04191835597157478,0.02872650884091854,0.02593006007373333,0.003890600288286805,20.0
2026-05-19T21:50:02.099639,190526_180440.000000,1,58.3813591003418,8.669604301452637,62.599998474121094,4.059999942779541,0.6700000166893005,14,88.0,2,190526_194951.015625,0.9182984828948975,-2.2397401332855225,0.11958419531583786,2.476722002029419,0.8640635013580322,0.11687911301851273,0.009300087578594685,0.02351938746869564,0.02888849750161171,0.004226562567055225,19.0
2026-05-19T21:50:05.166306,190526_180440.984375,1,58.381370544433594,8.669572830200195,62.79999923706055,4.320000171661377,0.6700000166893005,14,88.0,2,190526_194952.000000,1.0125575065612793,-3.076835870742798,0.09496386349201202,1.061692714691162,0.884736955165863,0.09464070945978165,-0.007384093478322029,0.002597440965473652,0.03204362466931343,0.0048349034041166306,21.0
2026-05-19T21:50:08.145505,190526_180450.000000,1,58.38140869140625,8.669371604919434,63.5,4.96999979019165,0.7799999713897705,13,88.0,2,190526_194952.000000,1.0190993547439575,-3.044670343399048,0.0052011217921972275,0.8677524328231812,0.8188380002975464,-0.003531062975525856,-0.003101895097643137,-0.002227444900199771,0.03150161728262901,0.004804688505828381,19.0
2026-05-19T21:50:08.145844,190526_180450.000000,1,58.38140869140625,8.669371604919434,63.5,4.96999979019165,0.7799999713897705,13,88.0,2,190526_194952.000000,1.0190993547439575,-3.044670343399048,0.0052011217921972275,0.8677524328231812,0.8188380002975464,-0.003531062975525856,-0.003101895097643137,-0.002227444900199771,0.03150161728262901,0.004804688505828381,19.0
2026-05-19T21:50:11.339457,190526_180458.000000,1,58.381439208984375,8.66922664642334,63.599998474121094,4.460000038146973,0.7799999713897705,13,88.0,1,190526_194952.000000,0.8387360572814941,-2.706286668777466,0.0938224047422409,2.2721097469329834,0.9408442378044128,-0.08554311841726303,-0.0089901527389884,0.03747257590293884,0.034771375358104706,0.005762025248259306,19.0
2026-05-19T21:50:14.326434,190526_180459.015625,1,58.381439208984375,8.669208526611328,63.400001525878906,4.510000228881836,0.7799999713897705,13,88.0,1,190526_194952.000000,1.0046380758285522,-0.690740168094635,0.08316843211650848,1.9569686651229858,0.9161005616188049,-0.07671122252941132,0.015354895032942295,0.028224175795912743,0.04341971501708031,0.009091338142752647,27.0
2026-05-19T21:50:17.393994,190526_180507.015625,1,58.381431579589844,8.669052124023438,62.099998474121094,4.409999847412109,0.7799999713897705,13,88.0,1,190526_194952.000000,1.5880589485168457,0.12480083853006363,0.11928561329841614,0.17626304924488068,0.9809048175811768,-0.11378326267004013,0.033039990812540054,-0.01381254568696022,0.043271515518426895,0.009072992019355297,27.0
2026-05-19T21:50:20.332577,190526_180508.000000,1,58.381439208984375,8.669028282165527,61.900001525878906,4.46999979019165,0.7799999713897705,13,88.0,1,190526_195011.015625,1.8046859502792358,-1.0087498426437378,0.04406353831291199,1.898795247077942,1.012503981590271,0.038590170443058014,0.011677857488393784,0.017777008935809135,0.040771711617708206,0.010610222816467285,23.0
2026-05-19T21:50:23.409991,190526_180516.000000,1,58.381439208984375,8.668874740600586,59.099998474121094,4.25,0.6800000071525574,14,88.0,1,190526_195011.015625,1.8212640285491943,-1.676971197128296,0.05469965934753418,1.7563228607177734,0.8872634172439575,0.044516656547784805,0.025696471333503723,0.018708594143390656,0.032326590269804,0.008270006626844406,21.0
2026-05-19T21:50:26.519466,190526_180516.984375,1,58.381431579589844,8.668856620788574,58.79999923706055,4.210000038146973,0.6700000166893005,14,88.0,1,190526_195011.015625,1.7409696578979492,-1.7779076099395752,0.03749996796250343,1.4191168546676636,0.9014677405357361,-0.03331103175878525,0.01573551818728447,-0.007001176010817289,0.035543303936719894,0.006581585388630629,23.0
2026-05-19T21:50:29.443624,190526_180524.984375,1,58.38140106201172,8.668707847595215,56.70000076293945,3.799999952316284,0.7799999713897705,13,88.0,1,190526_195011.015625,1.5648726224899292,-1.8417689800262451,0.018069284036755562,0.6561171412467957,0.7848672866821289,0.013265691697597504,-0.0043543865904212,-0.011469950899481773,0.03138476610183716,0.004609160590916872,27.0
2026-05-19T21:50:32.514717,190526_180534.000000,1,58.38140106201172,8.668627738952637,55.0,1.9900000095367432,0.6800000071525574,14,88.0,1,190526_195030.000000,1.676196575164795,-1.8894366025924683,0.11546588689088821,4.315579414367676,0.9083985686302185,0.08751914650201797,0.00464542955160141,-0.07517439126968384,0.02814611978828907,0.003401970025151968,27.0
2026-05-19T21:50:35.608576,190526_180535.015625,1,58.38140106201172,8.668627738952637,54.900001525878906,1.6200000047683716,0.6800000071525574,14,88.0,1,190526_195030.000000,1.5819629430770874,-2.12558650970459,0.04727087542414665,1.0020312070846558,0.9701516628265381,0.026595262810587883,0.027416542172431946,0.027848893776535988,0.02541637234389782,0.002937384182587266,23.0
2026-05-19T21:50:35.608880,190526_180535.015625,1,58.38140106201172,8.668627738952637,54.900001525878906,1.6200000047683716,0.6800000071525574,14,88.0,1,190526_195030.000000,1.5819629430770874,-2.12558650970459,0.04727087542414665,1.0020312070846558,0.9701516628265381,0.026595262810587883,0.027416542172431946,0.027848893776535988,0.02541637234389782,0.002937384182587266,23.0
2026-05-19T21:50:35.609271,190526_180535.015625,1,58.38140106201172,8.668627738952637,54.900001525878906,1.6200000047683716,0.6800000071525574,14,88.0,1,190526_195030.000000,1.5819629430770874,-2.12558650970459,0.04727087542414665,1.0020312070846558,0.9701516628265381,0.026595262810587883,0.027416542172431946,0.027848893776535988,0.02541637234389782,0.002937384182587266,23.0
2026-05-19T21:50:35.611489,190526_180535.015625,1,58.38140106201172,8.668627738952637,54.900001525878906,1.6200000047683716,0.6800000071525574,14,88.0,1,190526_195030.000000,1.5819629430770874,-2.12558650970459,0.04727087542414665,1.0020312070846558,0.9701516628265381,0.026595262810587883,0.027416542172431946,0.027848893776535988,0.02541637234389782,0.002937384182587266,23.0
2026-05-19T21:50:38.832589,190526_180543.015625,1,58.38138961791992,8.668588638305664,54.70000076293945,0.8399999737739563,0.6700000166893005,14,88.0,1,190526_195030.000000,1.5379217863082886,-2.2314348220825195,0.05193573236465454,1.9002434015274048,0.9453054070472717,-0.010194240137934685,0.016629362478852272,-0.04813379794359207,0.02311265841126442,0.00259154150262475,20.0
2026-05-19T21:50:41.701588,190526_180544.000000,1,58.38138961791992,8.668575286865234,54.599998474121094,1.0099999904632568,0.6700000166893005,14,88.0,1,190526_195031.015625,1.483544945716858,-2.263775587081909,0.06346019357442856,2.100710391998291,0.9968886971473694,0.033597636967897415,-0.023386579006910324,-0.048491887748241425,0.024431727826595306,0.0027295639738440514,20.0
2026-05-19T21:50:44.782496,190526_180552.000000,1,58.3813591003418,8.668471336364746,54.099998474121094,2.25,0.7200000286102295,14,88.0,1,190526_195031.015625,1.6122827529907227,-2.9939355850219727,0.0344807393848896,1.5339405536651611,0.8388718962669373,0.017428051680326462,-0.018252938985824585,0.023494988679885864,0.02347986213862896,0.0032183444127440453,20.0
2026-05-19T21:50:47.844963,190526_180608.984375,1,58.381370544433594,8.668246269226074,54.599998474121094,2.0,0.6700000166893005,14,88.0,2,190526_195031.015625,1.638436198234558,-3.127997398376465,0.024175630882382393,0.9806548953056335,0.7096951603889465,-0.0028431941755115986,-0.013634402304887772,-0.019760578870773315,0.023624226450920105,0.0028638055082410574,20.0
2026-05-19T21:50:50.843838,190526_180610.000000,1,58.381370544433594,8.668246269226074,54.5,1.9500000476837158,0.6499999761581421,15,88.0,2,190526_195031.015625,1.8977842330932617,-2.7506794929504395,0.0470024012029171,1.8428118228912354,0.8080101609230042,-0.023067429661750793,0.027395300567150116,0.030440382659435272,0.02524515427649021,0.0035328296944499016,19.0
2026-05-19T21:50:50.844167,190526_180610.000000,1,58.381370544433594,8.668246269226074,54.5,1.9500000476837158,0.6499999761581421,15,88.0,2,190526_195031.015625,1.8977842330932617,-2.7506794929504395,0.0470024012029171,1.8428118228912354,0.8080101609230042,-0.023067429661750793,0.027395300567150116,0.030440382659435272,0.02524515427649021,0.0035328296944499016,19.0
2026-05-19T21:50:50.844282,190526_180610.000000,1,58.381370544433594,8.668246269226074,54.5,1.9500000476837158,0.6499999761581421,15,88.0,2,190526_195031.015625,1.8977842330932617,-2.7506794929504395,0.0470024012029171,1.8428118228912354,0.8080101609230042,-0.023067429661750793,0.027395300567150116,0.030440382659435272,0.02524515427649021,0.0035328296944499016,19.0
2026-05-19T21:50:50.945394,190526_180610.000000,1,58.381370544433594,8.668246269226074,54.5,1.9500000476837158,0.6499999761581421,15,88.0,2,190526_195031.015625,1.8977842330932617,-2.7506794929504395,0.0470024012029171,1.8428118228912354,0.8080101609230042,-0.023067429661750793,0.027395300567150116,0.030440382659435272,0.02524515427649021,0.0035328296944499016,19.0
2026-05-19T21:50:53.813351,190526_180618.000000,1,58.3813591003418,8.668413162231445,54.099998474121094,3.240000009536743,0.6499999761581421,15,88.0,2,190526_195050.000000,2.240036725997925,-2.3147881031036377,0.034123703837394714,1.0501093864440918,0.8418940305709839,-0.000311835203319788,-0.007187864277511835,0.03335662931203842,0.032931357622146606,0.005016800947487354,15.0
2026-05-19T21:50:56.886738,190526_180619.015625,1,58.3813591003418,8.668438911437988,54.5,3.5,0.6499999761581421,15,88.0,2,190526_195050.000000,2.3103737831115723,-2.6312122344970703,0.06895626336336136,1.4399666786193848,0.8396651148796082,0.059145424515008926,-0.02755485475063324,0.022305045276880264,0.032293062657117844,0.004336423706263304,17.0
2026-05-19T21:50:59.959531,190526_180627.015625,1,58.381370544433594,8.668638229370117,55.0,5.150000095367432,0.6499999761581421,15,88.0,2,190526_195050.000000,2.3071815967559814,-2.5706124305725098,0.02130601368844509,1.1467889547348022,0.8470081090927124,0.001781210070475936,-0.009986798278987408,-0.018735991790890694,0.03305714204907417,0.004259536042809486,19.0
2026-05-19T21:51:03.039345,190526_180628.000000,1,58.381378173828125,8.668661117553711,55.400001525878906,5.289999961853027,0.6499999761581421,15,88.0,2,190526_195051.015625,2.4661238193511963,-2.4523088932037354,0.05419944226741791,1.1508560180664062,0.9190894961357117,-0.051693081855773926,-0.0026879161596298218,-0.01606796868145466,0.03458220139145851,0.004456019029021263,20.0
2026-05-19T21:51:06.091220,190526_180636.000000,1,58.38142013549805,8.668839454650879,58.900001525878906,5.650000095367432,0.6899999976158142,14,88.0,2,190526_195051.015625,2.8327558040618896,-3.0707509517669678,0.1508762091398239,1.2114232778549194,0.9291084408760071,0.14225997030735016,0.02998398244380951,0.04033229872584343,0.034618668258190155,0.004425549414008856,20.0
2026-05-19T21:51:09.061093,190526_180636.984375,1,58.381431579589844,8.668867111206055,59.29999923706055,5.670000076293945,0.6700000166893005,14,88.0,2,190526_195052.000000,2.7877213954925537,-2.526275634765625,0.10591339319944382,0.7053942680358887,0.9309576153755188,-0.09998597204685211,-0.024535316973924637,-0.024869078770279884,0.03606138750910759,0.004816110245883465,22.0
2026-05-19T21:51:12.189981,190526_180644.984375,1,58.3814582824707,8.669089317321777,59.900001525878906,5.739999771118164,0.6499999761581421,15,88.0,2,190526_195052.000000,3.0547072887420654,0.0966474637389183,0.2596380114555359,1.1750173568725586,0.920893669128418,-0.25827112793922424,0.02660290338099003,0.00045943015720695257,0.07504189014434814,0.015001478604972363,20.0
2026-05-19T21:51:15.236189,190526_180652.984375,1,58.3814697265625,8.6693115234375,58.900001525878906,6.230000019073486,0.7599999904632568,14,88.0,2,190526_195052.000000,3.381686210632324,-0.7688241600990295,0.09552706778049469,0.4645262658596039,0.8404036164283752,0.09274333715438843,0.016730008646845818,-0.0156269334256649,0.07114992290735245,0.015628542751073837,19.0
2026-05-19T21:51:18.219624,190526_180654.000000,1,58.3814697265625,8.669340133666992,58.900001525878906,6.329999923706055,0.8999999761581421,14,88.0,2,190526_195052.000000,3.5942485332489014,-3.4233148097991943,0.1378057450056076,0.7035393118858337,0.8989899158477783,0.1298041194677353,0.02046879194676876,0.04150112718343735,0.07336419075727463,0.02154063619673252,21.0
2026-05-19T21:51:21.257419,190526_180702.000000,1,58.3814582824707,8.669466972351074,59.29999923706055,4.28000020980835,0.7599999904632568,14,88.0,2,190526_195052.000000,3.400942802429199,-5.240904331207275,0.09920229762792587,0.5047181248664856,0.9321693181991577,0.09916014969348907,0.0012614550068974495,-0.002601875923573971,0.0592741034924984,0.01924973353743553,25.0
2026-05-19T21:51:24.329518,190526_180703.015625,1,58.381439208984375,8.669483184814453,59.099998474121094,3.8299999237060547,0.7599999904632568,14,88.0,2,190526_195052.000000,3.2662765979766846,-6.4295430183410645,0.09807223081588745,0.8843027949333191,0.9067122936248779,0.09497558325529099,-0.006496385671198368,0.02357112243771553,0.04523732513189316,0.015986233949661255,27.0
2026-05-19T21:51:27.459358,190526_180711.015625,1,58.381370544433594,8.669739723205566,53.79999923706055,3.8299999237060547,0.6700000166893005,15,88.0,2,190526_195052.000000,3.470428228378296,-7.113279819488525,0.0267488993704319,0.21748994290828705,0.6951581835746765,0.024343224242329597,0.002421676879748702,-0.010818807408213615,0.04147496074438095,0.012062213383615017,26.0
2026-05-19T21:51:30.377444,190526_180712.000000,1,58.381370544433594,8.669771194458008,53.29999923706055,6.110000133514404,0.6700000166893005,15,88.0,2,190526_195112.000000,3.7966830730438232,-5.626646995544434,0.12455856055021286,1.427266240119934,0.6652318239212036,-0.11994785815477371,-0.02377566322684288,-0.02370789274573326,0.03983578085899353,0.00998159684240818,24.0
2026-05-19T21:51:33.443010,190526_180720.000000,1,58.38132095336914,8.66994571685791,51.0,5.650000095367432,0.8999999761581421,14,88.0,2,190526_195112.000000,3.4049055576324463,-3.407135486602783,0.16278943419456482,0.720204770565033,0.7376512289047241,-0.1547863632440567,-0.012306462042033672,-0.04888897016644478,0.05948060750961304,0.015409601852297783,22.0
2026-05-19T21:51:36.617273,190526_180720.984375,1,58.38132095336914,8.669964790344238,51.0,5.650000095367432,0.7599999904632568,14,88.0,2,190526_195112.000000,3.602987766265869,-3.306133508682251,0.043406374752521515,1.4517183303833008,0.998262345790863,-0.03503929078578949,0.009910712018609047,-0.023624969646334648,0.06474672257900238,0.014288021251559258,22.0
2026-05-19T21:51:39.604270,190526_180728.984375,1,58.38127136230469,8.670144081115723,50.400001525878906,5.309999942779541,0.6499999761581421,15,88.0,2,190526_195112.984375,3.0267040729522705,-4.144158840179443,0.058141011744737625,0.9066451787948608,1.0061392784118652,0.013644035905599594,-0.03757524862885475,0.04221750795841217,0.06187747046351433,0.015378456562757492,22.0
2026-05-19T21:51:39.604524,190526_180728.984375,1,58.38127136230469,8.670144081115723,50.400001525878906,5.309999942779541,0.6499999761581421,15,88.0,2,190526_195112.984375,3.0267040729522705,-4.144158840179443,0.058141011744737625,0.9066451787948608,1.0061392784118652,0.013644035905599594,-0.03757524862885475,0.04221750795841217,0.06187747046351433,0.015378456562757492,22.0
2026-05-19T21:51:39.606087,190526_180728.984375,1,58.38127136230469,8.670144081115723,50.400001525878906,5.309999942779541,0.6499999761581421,15,88.0,2,190526_195112.984375,3.0267040729522705,-4.144158840179443,0.058141011744737625,0.9066451787948608,1.0061392784118652,0.013644035905599594,-0.03757524862885475,0.04221750795841217,0.06187747046351433,0.015378456562757492,22.0
2026-05-19T21:51:42.586682,190526_180738.000000,1,58.381221771240234,8.670350074768066,49.400001525878906,5.579999923706055,0.6499999761581421,15,88.0,2,190526_195112.984375,2.245821237564087,-2.683835029602051,0.18497520685195923,2.2119386196136475,1.054548740386963,-0.18059059977531433,-0.03793148696422577,-0.012808753177523613,0.06207696720957756,0.015737714245915413,20.0
2026-05-19T21:51:45.653332,190526_180746.000000,1,58.38119888305664,8.670536041259766,49.099998474121094,5.099999904632568,0.6499999761581421,15,88.0,2,190526_195132.000000,2.0554258823394775,-1.213832974433899,0.10719480365514755,1.5431846380233765,0.982093334197998,-0.07079112529754639,-0.008473283611238003,-0.08004714548587799,0.0458020456135273,0.011323715560138226,20.0
2026-05-19T21:51:48.799714,190526_180756.000000,1,58.381141662597656,8.670784950256348,49.099998474121094,5.190000057220459,0.6499999761581421,15,88.0,2,190526_195132.000000,2.0451643466949463,0.6567131280899048,0.1858082115650177,0.469399631023407,0.7320573329925537,-0.18524056673049927,0.011717750690877438,-0.008562288247048855,0.05012013763189316,0.01614743284881115,22.0
2026-05-19T21:51:51.801139,190526_180804.000000,1,58.381099700927734,8.670969009399414,50.099998474121094,4.690000057220459,0.6499999761581421,15,88.0,2,190526_195132.000000,2.0728371143341064,2.04972505569458,0.05116486921906471,2.3840367794036865,0.7385766506195068,-0.0416465625166893,-0.029514696449041367,0.0035058301873505116,0.04803761839866638,0.01783846691250801,24.0
2026-05-19T21:51:54.833862,190526_180804.984375,1,58.381099700927734,8.670991897583008,49.900001525878906,4.510000228881836,0.6499999761581421,15,88.0,2,190526_195132.984375,1.9407638311386108,2.1545724868774414,0.15799811482429504,2.3014397621154785,0.6738805770874023,0.13671481609344482,-0.01890970766544342,0.07690826058387756,0.05025283619761467,0.017799509689211845,26.0
2026-05-19T21:51:57.818966,190526_180820.984375,1,58.38103103637695,8.671402931213379,53.20000076293945,5.590000152587891,0.6499999761581421,15,88.0,2,190526_195132.984375,0.7964056730270386,0.7674137949943542,0.10578002780675888,1.449855089187622,0.7467849254608154,0.02213149331510067,-0.07069072872400284,-0.07551445066928864,0.04940258711576462,0.015700016170740128,26.0
2026-05-19T21:52:00.899104,190526_180822.000000,1,58.38103103637695,8.671428680419922,53.099998474121094,5.630000114440918,0.6499999761581421,15,88.0,2,190526_195152.000000,0.40664902329444885,0.09451152384281158,0.09097861498594284,0.7209583520889282,0.7603378295898438,0.08386202156543732,-0.0352742038667202,-2.682238118723035e-06,0.038641080260276794,0.010906586423516273,24.0
2026-05-19T21:52:03.954386,190526_180830.000000,1,58.38098907470703,8.671614646911621,52.599998474121094,5.130000114440918,0.6499999761581421,15,88.0,2,190526_195152.000000,-0.1413598358631134,-0.3663384020328522,0.10488862544298172,1.2366594076156616,0.7345742583274841,0.06651466339826584,-0.07609079778194427,-0.028064457699656487,0.031878989189863205,0.008517276495695114,24.0
2026-05-19T21:52:03.954758,190526_180830.000000,1,58.38098907470703,8.671614646911621,52.599998474121094,5.130000114440918,0.6499999761581421,15,88.0,2,190526_195152.000000,-0.1413598358631134,-0.3663384020328522,0.10488862544298172,1.2366594076156616,0.7345742583274841,0.06651466339826584,-0.07609079778194427,-0.028064457699656487,0.031878989189863205,0.008517276495695114,24.0
2026-05-19T21:52:03.954906,190526_180830.000000,1,58.38098907470703,8.671614646911621,52.599998474121094,5.130000114440918,0.6499999761581421,15,88.0,2,190526_195152.000000,-0.1413598358631134,-0.3663384020328522,0.10488862544298172,1.2366594076156616,0.7345742583274841,0.06651466339826584,-0.07609079778194427,-0.028064457699656487,0.031878989189863205,0.008517276495695114,24.0
2026-05-19T21:52:03.980173,190526_180830.000000,1,58.38098907470703,8.671614646911621,52.599998474121094,5.130000114440918,0.6499999761581421,15,88.0,2,190526_195152.000000,-0.1413598358631134,-0.3663384020328522,0.10488862544298172,1.2366594076156616,0.7345742583274841,0.06651466339826584,-0.07609079778194427,-0.028064457699656487,0.031878989189863205,0.008517276495695114,24.0
2026-05-19T21:52:07.059018,190526_180831.015625,1,58.38098907470703,8.671637535095215,52.29999923706055,5.090000152587891,0.6499999761581421,15,88.0,2,190526_195152.000000,-0.8929698467254639,-0.8751779794692993,0.10607779771089554,1.9850767850875854,0.8148664832115173,0.10019875317811966,-0.031895242631435394,-0.013978702016174793,0.02900373935699463,0.009486043825745583,26.0
2026-05-19T21:52:10.102847,190526_180839.015625,1,58.38093185424805,8.671810150146484,52.0,5.25,0.6700000166893005,14,88.0,2,190526_195152.984375,-1.4385240077972412,-2.7654688358306885,0.13395148515701294,0.9070712327957153,0.7500967383384705,0.09757018834352493,-0.08816194534301758,-0.02550549805164337,0.029341038316488266,0.009908814914524555,24.0
2026-05-19T21:52:13.052698,190526_180840.000000,1,58.38093185424805,8.671831130981445,51.79999923706055,5.230000019073486,0.6700000166893005,14,88.0,2,190526_195152.984375,-2.343109130859375,-2.661283493041992,0.06838275492191315,2.561373710632324,0.8606005311012268,-0.01050666905939579,-0.05043530836701393,-0.04496766999363899,0.02812071330845356,0.0099451569840312,26.0
2026-05-19T21:52:16.099512,190526_180848.000000,1,58.380889892578125,8.671995162963867,52.099998474121094,5.230000019073486,0.6499999761581421,15,88.0,2,190526_195212.000000,-1.6138110160827637,-1.376904010772705,0.09135112911462784,0.8961132764816284,0.8599938154220581,-0.06196869537234306,0.06671442836523056,0.00735487462952733,0.030833063647150993,0.012467260472476482,29.0
2026-05-19T21:52:19.210954,190526_180848.984375,1,58.380889892578125,8.672015190124512,51.900001525878906,5.059999942779541,0.6700000166893005,14,88.0,2,190526_195212.000000,-1.6487807035446167,-1.3037734031677246,0.03099348396062851,2.4415335655212402,0.8958486318588257,-0.01714310608804226,0.018862862139940262,-0.01763242855668068,0.03653667867183685,0.011410701088607311,27.0
2026-05-19T21:52:22.302111,190526_180856.984375,1,58.38084030151367,8.672191619873047,51.79999923706055,4.940000057220459,0.6700000166893005,14,88.0,2,190526_195212.000000,-1.4905812740325928,-1.7603168487548828,0.011205274611711502,1.0150878429412842,0.8701170086860657,-0.009463710710406303,0.005601862445473671,-0.0021483679302036762,0.03795676678419113,0.00923266913741827,27.0
2026-05-19T21:52:25.241830,190526_180914.000000,1,58.3807487487793,8.672581672668457,51.5,4.650000095367432,0.6700000166893005,14,88.0,2,190526_195212.000000,-2.599921226501465,-1.865813136100769,0.05022304505109787,1.4541844129562378,0.7715098261833191,-0.019729753956198692,-0.009609228931367397,-0.04517470300197601,0.03619638457894325,0.007074102759361267,23.0
2026-05-19T21:52:28.327625,190526_180915.015625,1,58.3807487487793,8.672597885131836,51.70000076293945,4.480000019073486,0.6700000166893005,14,88.0,2,190526_195212.000000,-2.242056369781494,-2.3017563819885254,0.10866916924715042,0.8643530607223511,0.8060010075569153,0.08897779881954193,0.04758652672171593,0.040341801941394806,0.02197527140378952,0.004545174073427916,21.0
2026-05-19T21:52:31.473508,190526_180923.015625,1,58.38071823120117,8.672723770141602,51.70000076293945,3.869999885559082,0.6700000166893005,14,88.0,2,190526_195212.000000,-1.6945267915725708,-2.353878974914551,0.05641637742519379,1.2801469564437866,0.7306443452835083,0.0026174273807555437,0.05631854757666588,-0.0020439394284039736,0.01924148201942444,0.00426146388053894,21.0
2026-05-19T21:52:34.471199,190526_180924.000000,1,58.38071823120117,8.67273998260498,51.79999923706055,3.799999952316284,0.6700000166893005,14,88.0,2,190526_195212.000000,-1.2436209917068481,-2.2756876945495605,0.04548369720578194,1.7130705118179321,0.7837716937065125,-0.01927964575588703,-0.025509614497423172,-0.03234689310193062,0.020060554146766663,0.00410940358415246,25.0
2026-05-19T21:52:37.447408,190526_180931.015625,1,58.38071823120117,8.67283821105957,51.400001525878906,3.799999952316284,0.6700000166893005,14,88.0,2,190526_195214.000000,-1.1477285623550415,-2.3593857288360596,0.07035232335329056,0.7822644114494324,0.7401710152626038,-0.021882591769099236,0.0639301985502243,-0.019583942368626595,0.021423721686005592,0.003560109529644251,29.0
2026-05-19T21:52:37.447730,190526_180931.015625,1,58.38071823120117,8.67283821105957,51.400001525878906,3.799999952316284,0.6700000166893005,14,88.0,2,190526_195214.000000,-1.1477285623550415,-2.3593857288360596,0.07035232335329056,0.7822644114494324,0.7401710152626038,-0.021882591769099236,0.0639301985502243,-0.019583942368626595,0.021423721686005592,0.003560109529644251,29.0
2026-05-19T21:52:37.447934,190526_180931.015625,1,58.38071823120117,8.67283821105957,51.400001525878906,3.799999952316284,0.6700000166893005,14,88.0,2,190526_195214.000000,-1.1477285623550415,-2.3593857288360596,0.07035232335329056,0.7822644114494324,0.7401710152626038,-0.021882591769099236,0.0639301985502243,-0.019583942368626595,0.021423721686005592,0.003560109529644251,29.0
2026-05-19T21:52:37.453698,190526_180931.015625,1,58.38071823120117,8.67283821105957,51.400001525878906,3.799999952316284,0.6700000166893005,14,88.0,2,190526_195214.000000,-1.1477285623550415,-2.3593857288360596,0.07035232335329056,0.7822644114494324,0.7401710152626038,-0.021882591769099236,0.0639301985502243,-0.019583942368626595,0.021423721686005592,0.003560109529644251,29.0
2026-05-19T21:52:40.526909,190526_180932.000000,1,58.38071823120117,8.67283821105957,51.400001525878906,2.259999990463257,0.6700000166893005,14,88.0,2,190526_195214.000000,-1.1368387937545776,-2.882143974304199,0.029372239485383034,1.035982370376587,0.818432629108429,0.022434623911976814,-0.005963855888694525,-0.017995791509747505,0.024188878014683723,0.0036299582570791245,32.0
2026-05-19T21:52:43.587546,190526_180940.984375,1,58.38069152832031,8.672833442687988,51.0,0.0,0.7099999785423279,13,88.0,2,190526_195214.000000,-1.609412431716919,-3.1313724517822266,0.12083015590906143,1.3587232828140259,0.9066135287284851,0.07034328579902649,-0.0971059575676918,-0.014905727468430996,0.029167914763092995,0.004090453498065472,34.0
2026-05-19T21:52:46.663422,190526_180950.000000,1,58.38069152832031,8.672833442687988,51.0,0.0,0.6600000262260437,15,88.0,2,190526_195214.000000,-2.025407075881958,-3.5832502841949463,0.019891411066055298,0.6221951246261597,0.9192824959754944,0.012931626290082932,-0.013671592809259892,-0.006444282829761505,0.031857915222644806,0.004776829853653908,28.0
2026-05-19T21:52:49.719615,190526_180958.000000,1,58.38069152832031,8.672833442687988,51.0,0.0,0.6600000262260437,15,88.0,2,190526_195234.000000,-1.8471428155899048,-3.513566017150879,0.034070760011672974,1.1369942426681519,0.9878206253051758,-0.02639654651284218,-0.01868421398103237,0.010720962658524513,0.032098039984703064,0.0051888530142605305,24.0
2026-05-19T21:52:52.734515,190526_180959.015625,1,58.38069152832031,8.672833442687988,51.0,0.0,0.6600000262260437,15,88.0,2,190526_195234.000000,-2.384361982345581,-3.5686519145965576,0.04169062525033951,0.9131246209144592,0.9589440226554871,0.023299412801861763,-0.03419772908091545,-0.005075518041849136,0.02924443781375885,0.004892245400696993,22.0
2026-05-19T21:52:55.772097,190526_181007.015625,1,58.380680084228516,8.672901153564453,51.099998474121094,1.5499999523162842,0.6600000262260437,15,88.0,2,190526_195234.000000,-1.5652848482131958,-3.1379098892211914,0.10909227281808853,1.5032236576080322,0.9273911118507385,-0.034393295645713806,0.09425310790538788,-0.04283197224140167,0.027616603299975395,0.004947267938405275,18.0
2026-05-19T21:52:58.762313,190526_181008.000000,1,58.380680084228516,8.672924041748047,51.0,1.8899999856948853,0.6600000262260437,15,88.0,2,190526_195254.000000,0.22497572004795074,-3.231410264968872,0.14419719576835632,1.2203038930892944,0.936137318611145,0.017049407586455345,0.14238964021205902,0.015077831223607063,0.03404112160205841,0.007371225394308567,22.0
2026-05-19T21:53:01.809891,190526_181016.000000,1,58.38064956665039,8.673112869262695,50.70000076293945,4.630000114440918,0.7300000190734863,12,88.0,2,190526_195254.000000,0.9476259350776672,-5.437682151794434,0.23863673210144043,1.5876591205596924,1.211912751197815,0.22658690810203552,0.05097932368516922,0.05483578145503998,0.0629153773188591,0.016061171889305115,24.0
2026-05-19T21:53:04.918849,190526_181024.984375,1,58.380619049072266,8.673284530639648,50.400001525878906,4.28000020980835,0.6899999976158142,14,88.0,2,190526_195254.000000,0.9463250041007996,-5.723968505859375,0.15947097539901733,1.2150574922561646,1.1917531490325928,-0.15523894131183624,0.008840921334922314,-0.035407695919275284,0.061417631804943085,0.020350199192762375,22.0
2026-05-19T21:53:07.999634,190526_181034.000000,1,58.38056182861328,8.673482894897461,48.20000076293945,5.150000095367432,0.6899999976158142,14,88.0,2,190526_195254.000000,1.1342294216156006,-3.065781354904175,0.11027828603982925,1.247989296913147,1.3913666009902954,-0.09923934191465378,0.016546882688999176,-0.045155882835388184,0.05763910710811615,0.028097040951251984,22.0
2026-05-19T21:53:11.079099,190526_181042.000000,1,58.38051986694336,8.673686981201172,45.5,5.150000095367432,0.6899999976158142,14,88.0,2,190526_195254.000000,0.8857131600379944,-2.498281240463257,0.060934774577617645,0.9010345935821533,1.38393235206604,0.02118372917175293,-0.05412101373076439,0.01830880343914032,0.06060386821627617,0.027223045006394386,18.0
2026-05-19T21:53:14.104425,190526_181051.015625,1,58.3804817199707,8.673921585083008,43.400001525878906,5.309999942779541,0.6600000262260437,15,88.0,2,190526_195254.000000,0.7488163709640503,-2.0922718048095703,0.016433745622634888,0.26985517144203186,1.0631028413772583,0.012421741150319576,-0.010739181190729141,0.0006620625499635935,0.06348878145217896,0.01492082979530096,14.0
2026-05-19T21:53:17.069174,190526_181052.000000,1,58.3804817199707,8.673948287963867,43.20000076293945,5.25,0.6600000262260437,15,88.0,2,190526_195254.000000,1.3967702388763428,-2.3039023876190186,0.04366502910852432,0.8599003553390503,1.0673556327819824,0.008891038596630096,0.04159428924322128,-0.00987416785210371,0.05604036897420883,0.010405986569821835,14.0
2026-05-19T21:53:17.069498,190526_181052.000000,1,58.3804817199707,8.673948287963867,43.20000076293945,5.25,0.6600000262260437,15,88.0,2,190526_195254.000000,1.3967702388763428,-2.3039023876190186,0.04366502910852432,0.8599003553390503,1.0673556327819824,0.008891038596630096,0.04159428924322128,-0.00987416785210371,0.05604036897420883,0.010405986569821835,14.0
2026-05-19T21:53:17.069626,190526_181052.000000,1,58.3804817199707,8.673948287963867,43.20000076293945,5.25,0.6600000262260437,15,88.0,2,190526_195254.000000,1.3967702388763428,-2.3039023876190186,0.04366502910852432,0.8599003553390503,1.0673556327819824,0.008891038596630096,0.04159428924322128,-0.00987416785210371,0.05604036897420883,0.010405986569821835,14.0
2026-05-19T21:53:17.100201,190526_181052.000000,1,58.3804817199707,8.673948287963867,43.20000076293945,5.25,0.6600000262260437,15,88.0,2,190526_195254.000000,1.3967702388763428,-2.3039023876190186,0.04366502910852432,0.8599003553390503,1.0673556327819824,0.008891038596630096,0.04159428924322128,-0.00987416785210371,0.05604036897420883,0.010405986569821835,14.0
2026-05-19T21:53:20.141211,190526_181100.000000,1,58.38045883178711,8.67414665222168,43.099998474121094,4.980000019073486,0.6600000262260437,15,88.0,2,190526_195256.000000,0.392537385225296,-2.816218852996826,0.04035766050219536,1.069393277168274,0.5872077345848083,0.0394553579390049,-0.005929646547883749,-0.006070815958082676,0.030398881062865257,0.005227020941674709,12.0
2026-05-19T21:53:23.121496,190526_181108.984375,1,58.38043975830078,8.674356460571289,43.0,5.079999923706055,0.6600000262260437,15,88.0,2,190526_195256.000000,0.4701133966445923,-4.031333923339844,0.03943490982055664,1.574255347251892,0.909652054309845,0.025286000221967697,0.029014622792601585,0.008595455437898636,0.05437768995761871,0.009286066517233849,12.0
2026-05-19T21:53:26.275747,190526_181116.984375,1,58.38045120239258,8.674562454223633,43.29999923706055,4.949999809265137,0.6600000262260437,15,88.0,2,190526_195315.015625,0.9481621980667114,-3.4184153079986572,0.07941281050443649,1.0009032487869263,0.9060803651809692,-0.06016439571976662,0.04505060613155365,0.02563364990055561,0.05066835135221481,0.010213491506874561,14.0
2026-05-19T21:53:26.276179,190526_181116.984375,1,58.38045120239258,8.674562454223633,43.29999923706055,4.949999809265137,0.6600000262260437,15,88.0,2,190526_195315.015625,0.9481621980667114,-3.4184153079986572,0.07941281050443649,1.0009032487869263,0.9060803651809692,-0.06016439571976662,0.04505060613155365,0.02563364990055561,0.05066835135221481,0.010213491506874561,14.0
2026-05-19T21:53:29.255803,190526_181118.000000,1,58.38045120239258,8.674588203430176,43.29999923706055,4.96999979019165,0.6600000262260437,15,88.0,2,190526_195315.015625,1.600277304649353,-3.0527548789978027,0.13701659440994263,1.0531847476959229,0.9219526052474976,0.08119639754295349,0.10997659713029861,-0.009265070781111717,0.04881653934717178,0.011943042278289795,15.0
2026-05-19T21:53:32.263188,190526_181126.000000,1,58.38045120239258,8.674761772155762,42.20000076293945,4.489999771118164,0.6700000166893005,14,88.0,2,190526_195316.000000,2.4734511375427246,-3.030134677886963,0.14728306233882904,1.501961350440979,0.9165707230567932,-0.1460621953010559,0.013515365310013294,-0.013246553018689156,0.05039495974779129,0.015995368361473083,15.0
2026-05-19T21:53:32.263454,190526_181126.000000,1,58.38045120239258,8.674761772155762,42.20000076293945,4.489999771118164,0.6700000166893005,14,88.0,2,190526_195316.000000,2.4734511375427246,-3.030134677886963,0.14728306233882904,1.501961350440979,0.9165707230567932,-0.1460621953010559,0.013515365310013294,-0.013246553018689156,0.05039495974779129,0.015995368361473083,15.0
2026-05-19T21:53:32.263542,190526_181126.000000,1,58.38045120239258,8.674761772155762,42.20000076293945,4.489999771118164,0.6700000166893005,14,88.0,2,190526_195316.000000,2.4734511375427246,-3.030134677886963,0.14728306233882904,1.501961350440979,0.9165707230567932,-0.1460621953010559,0.013515365310013294,-0.013246553018689156,0.05039495974779129,0.015995368361473083,15.0
2026-05-19T21:53:32.282047,190526_181126.000000,1,58.38045120239258,8.674761772155762,42.20000076293945,4.489999771118164,0.6700000166893005,14,88.0,2,190526_195316.000000,2.4734511375427246,-3.030134677886963,0.14728306233882904,1.501961350440979,0.9165707230567932,-0.1460621953010559,0.013515365310013294,-0.013246553018689156,0.05039495974779129,0.015995368361473083,15.0
2026-05-19T21:53:35.402179,190526_181127.015625,1,58.38045120239258,8.67479133605957,42.599998474121094,4.579999923706055,0.6600000262260437,15,88.0,2,190526_195316.000000,3.6627557277679443,-2.419567108154297,0.09706820547580719,0.4841788411140442,0.7260608077049255,-0.001701781409792602,0.09655211865901947,-0.00985032133758068,0.039132725447416306,0.014362995512783527,13.0
2026-05-19T21:53:35.402451,190526_181127.015625,1,58.38045120239258,8.67479133605957,42.599998474121094,4.579999923706055,0.6600000262260437,15,88.0,2,190526_195316.000000,3.6627557277679443,-2.419567108154297,0.09706820547580719,0.4841788411140442,0.7260608077049255,-0.001701781409792602,0.09655211865901947,-0.00985032133758068,0.039132725447416306,0.014362995512783527,13.0
2026-05-19T21:53:35.402753,190526_181127.015625,1,58.38045120239258,8.67479133605957,42.599998474121094,4.579999923706055,0.6600000262260437,15,88.0,2,190526_195316.000000,3.6627557277679443,-2.419567108154297,0.09706820547580719,0.4841788411140442,0.7260608077049255,-0.001701781409792602,0.09655211865901947,-0.00985032133758068,0.039132725447416306,0.014362995512783527,13.0
2026-05-19T21:53:35.416425,190526_181127.015625,1,58.38045120239258,8.67479133605957,42.599998474121094,4.579999923706055,0.6600000262260437,15,88.0,2,190526_195316.000000,3.6627557277679443,-2.419567108154297,0.09706820547580719,0.4841788411140442,0.7260608077049255,-0.001701781409792602,0.09655211865901947,-0.00985032133758068,0.039132725447416306,0.014362995512783527,13.0
2026-05-19T21:53:38.462155,190526_181135.015625,1,58.38045120239258,8.674966812133789,41.900001525878906,4.789999961853027,0.6600000262260437,15,88.0,2,190526_195316.000000,3.849945306777954,-2.022385358810425,0.028364792466163635,0.5464651584625244,0.561484694480896,-0.0025897859595716,-0.02802620641887188,-0.0035194088704884052,0.04869937524199486,0.01270337775349617,13.0
2026-05-19T21:53:41.440044,190526_181136.000000,1,58.38045120239258,8.674982070922852,41.5,4.550000190734863,0.6600000262260437,15,88.0,2,190526_195316.984375,3.5047266483306885,-1.9421658515930176,0.06934287399053574,1.5207947492599487,0.519015371799469,-0.05668302997946739,-0.00018094386905431747,0.0399429053068161,0.050936900079250336,0.010783902369439602,14.0
2026-05-19T21:53:44.518721,190526_181144.000000,1,58.38045120239258,8.675177574157715,38.20000076293945,4.539999961853027,0.6600000262260437,15,88.0,2,190526_195316.984375,2.431549549102783,-1.656472086906433,0.06441134959459305,1.5843695402145386,0.5527174472808838,-0.06038553640246391,-0.013187306001782417,-0.018124671652913094,0.0533502995967865,0.0106214489787817,14.0
2026-05-19T21:53:47.599315,190526_181144.984375,1,58.38045883178711,8.675200462341309,38.0,4.739999771118164,0.6600000262260437,15,88.0,2,190526_195336.000000,1.825690507888794,-0.80318284034729,0.05198359116911888,0.07716666907072067,0.5147069692611694,-0.04095224663615227,-0.030800163745880127,0.008749718777835369,0.03779023513197899,0.005396553780883551,10.0
2026-05-19T21:53:50.653315,190526_181152.984375,1,58.3804817199707,8.675359725952148,37.400001525878906,4.0,0.6600000262260437,15,88.0,2,190526_195336.000000,1.530478596687317,-0.3734390437602997,0.04224338382482529,0.20717962086200714,0.5224195122718811,-0.03246616944670677,-0.02633029595017433,0.006096437107771635,0.03766348958015442,0.005335209425538778,10.0
2026-05-19T21:53:50.653660,190526_181152.984375,1,58.3804817199707,8.675359725952148,37.400001525878906,4.0,0.6600000262260437,15,88.0,2,190526_195336.000000,1.530478596687317,-0.3734390437602997,0.04224338382482529,0.20717962086200714,0.5224195122718811,-0.03246616944670677,-0.02633029595017433,0.006096437107771635,0.03766348958015442,0.005335209425538778,10.0
2026-05-19T21:53:50.653867,190526_181152.984375,1,58.3804817199707,8.675359725952148,37.400001525878906,4.0,0.6600000262260437,15,88.0,2,190526_195336.000000,1.530478596687317,-0.3734390437602997,0.04224338382482529,0.20717962086200714,0.5224195122718811,-0.03246616944670677,-0.02633029595017433,0.006096437107771635,0.03766348958015442,0.005335209425538778,10.0
2026-05-19T21:53:50.679119,190526_181152.984375,1,58.3804817199707,8.675359725952148,37.400001525878906,4.0,0.6600000262260437,15,88.0,2,190526_195336.000000,1.530478596687317,-0.3734390437602997,0.04224338382482529,0.20717962086200714,0.5224195122718811,-0.03246616944670677,-0.02633029595017433,0.006096437107771635,0.03766348958015442,0.005335209425538778,10.0
